run_id,name,created_at,state,group,method,lr,seed,tags,client_num,total_round_num,summary_server_test_acc,summary_server_round,summary_step,runtime_seconds,history_points,history_error,best_server_test_acc,best_round,final_server_test_acc,final_round
wzf4gl9b,rolora_lr1e-2_seed0,2026-05-27T20:03:34Z,crashed,qnli_c50_r4,rolora,1e-2,0,c50;lr1e-2;qnli;r4;rolora;seed0,50,20,0.8213961922030825,19,19,13936.994729445,20,,0.8213961922030825,19,0.8213961922030825,19
9aq0dp7o,rolora_lr1e-3_seed0,2026-05-28T00:05:18Z,crashed,qnli_c50_r4,rolora,1e-3,0,c50;lr1e-3;qnli;r4;rolora;seed0,50,20,0.5194922937443336,19,19,13917.756554134,20,,0.5194922937443336,19,0.5194922937443336,19
ouii6v7m,rolora_lr5e-4_seed0,2026-05-28T04:06:06Z,crashed,qnli_c50_r4,rolora,5e-4,0,c50;lr5e-4;qnli;r4;rolora;seed0,50,20,0.4786944696282865,19,19,13891.798618308,20,,0.48322756119673616,5,0.4786944696282865,19
rkbj070c,rolora_lr5e-2_seed0,2026-05-28T08:07:31Z,crashed,qnli_c50_r4,rolora,5e-2,0,c50;lr5e-2;qnli;r4;rolora;seed0,50,20,0.6355394378966455,19,19,13908.746082214,20,,0.771532184950136,3,0.6355394378966455,19
ccjhvfcj,rolora_lr5e-3_seed0,2026-05-28T12:08:40Z,crashed,qnli_c50_r4,rolora,5e-3,0,c50;lr5e-3;qnli;r4;rolora;seed0,50,20,0.7416137805983681,19,19,13910.704592771,20,,0.8485947416137806,17,0.7416137805983681,19
6f2izvgk,rolora_lr2e-2_seed0,2026-05-28T16:10:23Z,crashed,qnli_c50_r4,rolora,2e-2,0,c50;lr2e-2;qnli;r4;rolora;seed0,50,20,0.8585675430643699,19,19,13911.347126766,20,,0.8640072529465095,16,0.8585675430643699,19
dhc1rmsa,rolora_lr2e-3_seed0,2026-05-28T20:10:47Z,crashed,qnli_c50_r4,rolora,2e-3,0,c50;lr2e-3;qnli;r4;rolora;seed0,50,20,0.5611967361740707,19,19,13981.298878779,20,,0.5611967361740707,18,0.5611967361740707,19
0fmsijf3,rolora_lr1e-1_seed0,2026-05-29T00:11:22Z,crashed,qnli_c50_r4,rolora,1e-1,0,c50;lr1e-1;qnli;r4;rolora;seed0,50,20,0.4796010879419764,19,19,13872.198255596,20,,0.5258386219401632,0,0.4796010879419764,19
rn92d3z0,rolora_lr1e-2_seed1,2026-05-29T04:11:54Z,crashed,qnli_c50_r4,rolora,1e-2,1,c50;lr1e-2;qnli;r4;rolora;seed1,50,20,0.8712601994560291,19,19,13866.520392182,20,,0.8712601994560291,19,0.8712601994560291,19
vm4kcqg8,rolora_lr2e-2_seed1,2026-05-29T08:13:02Z,crashed,qnli_c50_r4,rolora,2e-2,1,c50;lr2e-2;qnli;r4;rolora;seed1,50,20,0.7162284678150499,19,19,13915.893361529,20,,0.771532184950136,4,0.7162284678150499,19
9rut894v,rolora_lr5e-3_seed1,2026-05-29T12:14:36Z,crashed,qnli_c50_r4,rolora,5e-3,1,c50;lr5e-3;qnli;r4;rolora;seed1,50,20,0.843155031731641,19,19,14031.414251631,20,,0.844061650045331,18,0.843155031731641,19
kuixcujx,rolora_lr1e-2_seed2,2026-05-29T18:48:35Z,crashed,qnli_c50_r4,rolora,1e-2,2,c50;lr1e-2;qnli;r4;rolora;seed2,50,20,0.8603807796917498,19,19,13951.561671813,20,,0.8603807796917498,19,0.8603807796917498,19
oaql16yo,rolora_lr2e-2_seed2,2026-05-29T22:51:00Z,crashed,qnli_c50_r4,rolora,2e-2,2,c50;lr2e-2;qnli;r4;rolora;seed2,50,20,0.8612873980054397,19,19,13933.749197473,20,,0.8612873980054397,19,0.8612873980054397,19
jco7wbc1,rolora_lr5e-3_seed2,2026-05-30T02:50:23Z,crashed,qnli_c50_r4,rolora,5e-3,2,c50;lr5e-3;qnli;r4;rolora;seed2,50,20,0.8594741613780599,19,19,13902.526010727,20,,0.8594741613780599,19,0.8594741613780599,19
7jimqqxf,lora_lr1e-2_seed0,2026-05-30T06:51:57Z,crashed,qnli_c50_r4,lora,1e-2,0,c50;lora;lr1e-2;qnli;r4;seed0,50,20,0.5231187669990934,19,19,14038.058933197,20,,0.5448776065276518,18,0.5231187669990934,19
eq9n733n,lora_lr1e-2_seed1,2026-05-30T10:53:10Z,crashed,qnli_c50_r4,lora,1e-2,1,c50;lora;lr1e-2;qnli;r4;seed1,50,20,0.5067996373526745,19,19,13974.284779454,20,,0.57116953762466,9,0.5067996373526745,19
5nid1vgb,lora_lr1e-2_seed2,2026-05-30T14:53:55Z,crashed,qnli_c50_r4,lora,1e-2,2,c50;lora;lr1e-2;qnli;r4;seed2,50,20,0.5267452402538532,19,19,13997.27108842,20,,0.5303717135086129,15,0.5267452402538532,19
xbdcm3zu,lora_lr2e-2_seed0,2026-05-30T18:55:13Z,crashed,qnli_c50_r4,lora,2e-2,0,c50;lora;lr2e-2;qnli;r4;seed0,50,20,0.543970988213962,19,19,14057.329684477,20,,0.5702629193109701,18,0.543970988213962,19
vo0kbg3s,lora_lr5e-3_seed0,2026-05-30T22:57:07Z,crashed,qnli_c50_r4,lora,5e-3,0,c50;lora;lr5e-3;qnli;r4;seed0,50,20,0.5031731640979148,19,19,14079.142970895,20,,0.5339981867633726,7,0.5031731640979148,19
zb3anht5,ffa_lora_lr1e-2_seed0,2026-05-31T02:57:41Z,crashed,qnli_c50_r4,ffa_lora,1e-2,0,c50;ffa_lora;lr1e-2;qnli;r4;seed0,50,20,0.5222121486854034,19,19,14007.833246623,20,,0.5466908431550317,18,0.5222121486854034,19
zvff1axm,ffa_lora_lr2e-2_seed0,2026-05-31T06:58:00Z,crashed,qnli_c50_r4,ffa_lora,2e-2,0,c50;ffa_lora;lr2e-2;qnli;r4;seed0,50,20,0.5457842248413418,19,19,13911.910748288,20,,0.5639165911151405,18,0.5457842248413418,19
f6yseh4v,ffa_lora_lr5e-3_seed0,2026-05-31T10:58:34Z,crashed,qnli_c50_r4,ffa_lora,5e-3,0,c50;ffa_lora;lr5e-3;qnli;r4;seed0,50,20,0.5049864007252947,19,19,13931.419460732,20,,0.5330915684496826,7,0.5049864007252947,19
cf1tsln8,ffa_lora_lr1e-2_seed1,2026-05-31T14:59:30Z,crashed,qnli_c50_r4,ffa_lora,1e-2,1,c50;ffa_lora;lr1e-2;qnli;r4;seed1,50,20,0.5095194922937444,19,19,13903.424317327,20,,0.5702629193109701,9,0.5095194922937444,19
a4h7zm1k,ffa_lora_lr1e-2_seed2,2026-05-31T19:00:50Z,crashed,qnli_c50_r4,ffa_lora,1e-2,2,c50;ffa_lora;lr1e-2;qnli;r4;seed2,50,20,0.5267452402538532,19,19,13910.888314641,20,,0.5294650951949229,13,0.5267452402538532,19
1i66fae3,lora_lr2e-2_seed1,2026-06-01T12:54:04Z,crashed,qnli_c50_r4,lora,2e-2,1,c50;lora;lr2e-2;qnli;r4;seed1,50,20,0.4814143245693563,19,19,14083.934292359,20,,0.57116953762466,9,0.4814143245693563,19
4103slvu,lora_lr2e-2_seed2,2026-06-01T16:54:44Z,crashed,qnli_c50_r4,lora,2e-2,2,c50;lora;lr2e-2;qnli;r4;seed2,50,20,0.5231187669990934,19,19,14071.453009796,20,,0.5358114233907525,11,0.5231187669990934,19
s9s7gwoa,ffa_lora_lr2e-2_seed1,2026-06-01T20:56:16Z,crashed,qnli_c50_r4,ffa_lora,2e-2,1,c50;ffa_lora;lr2e-2;qnli;r4;seed1,50,20,0.4805077062556664,19,19,14039.004065394,20,,0.5657298277425205,6,0.48050770625566636,19
pn2t83z3,ffa_lora_lr2e-2_seed2,2026-06-02T00:57:17Z,crashed,qnli_c50_r4,ffa_lora,2e-2,2,c50;ffa_lora;lr2e-2;qnli;r4;seed2,50,20,0.5231187669990934,19,19,14006.77365288,20,,0.5394378966455122,11,0.5231187669990934,19
