run_id,name,method,lr,seed,state,round,step,server_test_acc,server_val_acc,server_test_avg_loss
wzf4gl9b,rolora_lr1e-2_seed0,rolora,1e-2,0,crashed,0,0,0.4796010879419764,0.49537205081669694,0.6934663389665046
wzf4gl9b,rolora_lr1e-2_seed0,rolora,1e-2,0,crashed,1,1,0.4768812330009066,0.4922867513611615,0.6933704418478938
wzf4gl9b,rolora_lr1e-2_seed0,rolora,1e-2,0,crashed,2,2,0.47778785131459656,0.49745916515426497,0.6940312422305372
wzf4gl9b,rolora_lr1e-2_seed0,rolora,1e-2,0,crashed,3,3,0.5358114233907525,0.5087114337568058,0.6925605827315979
wzf4gl9b,rolora_lr1e-2_seed0,rolora,1e-2,0,crashed,4,4,0.5231187669990934,0.5023593466424683,0.6917753522221003
wzf4gl9b,rolora_lr1e-2_seed0,rolora,1e-2,0,crashed,5,5,0.5013599274705349,0.5241379310344828,0.6926680035949943
wzf4gl9b,rolora_lr1e-2_seed0,rolora,1e-2,0,crashed,6,6,0.6446056210335449,0.6490018148820327,0.6646269807357303
wzf4gl9b,rolora_lr1e-2_seed0,rolora,1e-2,0,crashed,7,7,0.8059836808703535,0.79491833030853,0.45853609657244365
wzf4gl9b,rolora_lr1e-2_seed0,rolora,1e-2,0,crashed,8,8,0.7280145058930191,0.7192377495462795,0.5965849117376755
wzf4gl9b,rolora_lr1e-2_seed0,rolora,1e-2,0,crashed,9,9,0.7543064369900272,0.7405626134301271,0.5261807541142565
wzf4gl9b,rolora_lr1e-2_seed0,rolora,1e-2,0,crashed,10,10,0.7398005439709883,0.7372050816696915,0.5431304346509988
wzf4gl9b,rolora_lr1e-2_seed0,rolora,1e-2,0,crashed,11,11,0.7515865820489573,0.7494555353901996,0.5190909538394413
wzf4gl9b,rolora_lr1e-2_seed0,rolora,1e-2,0,crashed,12,12,0.7479601087941976,0.7524500907441016,0.5179894981552878
wzf4gl9b,rolora_lr1e-2_seed0,rolora,1e-2,0,crashed,13,13,0.7679057116953762,0.7792196007259529,0.4888872606367386
wzf4gl9b,rolora_lr1e-2_seed0,rolora,1e-2,0,crashed,14,14,0.7742520398912058,0.7866606170598911,0.4733058627313197
wzf4gl9b,rolora_lr1e-2_seed0,rolora,1e-2,0,crashed,15,15,0.7914777878513146,0.7963702359346643,0.4618373816919024
wzf4gl9b,rolora_lr1e-2_seed0,rolora,1e-2,0,crashed,16,16,0.7978241160471442,0.7993647912885662,0.4568549998759791
wzf4gl9b,rolora_lr1e-2_seed0,rolora,1e-2,0,crashed,17,17,0.8041704442429737,0.804627949183303,0.4390286345267879
wzf4gl9b,rolora_lr1e-2_seed0,rolora,1e-2,0,crashed,18,18,0.8114233907524931,0.8178765880217785,0.43112141507274976
wzf4gl9b,rolora_lr1e-2_seed0,rolora,1e-2,0,crashed,19,19,0.8213961922030825,0.8256805807622505,0.413050607670899
9aq0dp7o,rolora_lr1e-3_seed0,rolora,1e-3,0,crashed,0,0,0.4768812330009066,0.49754990925589837,0.6948342594577308
9aq0dp7o,rolora_lr1e-3_seed0,rolora,1e-3,0,crashed,1,1,0.47778785131459656,0.49764065335753177,0.6942398376283274
9aq0dp7o,rolora_lr1e-3_seed0,rolora,1e-3,0,crashed,2,2,0.47778785131459656,0.49709618874773137,0.6939034076139047
9aq0dp7o,rolora_lr1e-3_seed0,rolora,1e-3,0,crashed,3,3,0.47506799637352676,0.5006352087114337,0.6935420262737914
9aq0dp7o,rolora_lr1e-3_seed0,rolora,1e-3,0,crashed,4,4,0.4796010879419764,0.49301270417422866,0.6933007166802829
9aq0dp7o,rolora_lr1e-3_seed0,rolora,1e-3,0,crashed,5,5,0.4759746146872167,0.5026315789473684,0.6934711814791316
9aq0dp7o,rolora_lr1e-3_seed0,rolora,1e-3,0,crashed,6,6,0.48050770625566636,0.496551724137931,0.6937474217181409
9aq0dp7o,rolora_lr1e-3_seed0,rolora,1e-3,0,crashed,7,7,0.47778785131459656,0.5001814882032668,0.693535693158697
9aq0dp7o,rolora_lr1e-3_seed0,rolora,1e-3,0,crashed,8,8,0.4814143245693563,0.5010889292196007,0.693481136103273
9aq0dp7o,rolora_lr1e-3_seed0,rolora,1e-3,0,crashed,9,9,0.4768812330009066,0.5006352087114337,0.6934629877048087
9aq0dp7o,rolora_lr1e-3_seed0,rolora,1e-3,0,crashed,10,10,0.4796010879419764,0.5014519056261343,0.6934387850307488
9aq0dp7o,rolora_lr1e-3_seed0,rolora,1e-3,0,crashed,11,11,0.485947416137806,0.5038112522686026,0.6933239328785582
9aq0dp7o,rolora_lr1e-3_seed0,rolora,1e-3,0,crashed,12,12,0.4841341795104261,0.5052631578947369,0.6932943089918342
9aq0dp7o,rolora_lr1e-3_seed0,rolora,1e-3,0,crashed,13,13,0.4796010879419764,0.502540834845735,0.6934077323077488
9aq0dp7o,rolora_lr1e-3_seed0,rolora,1e-3,0,crashed,14,14,0.5131459655485041,0.5122504537205081,0.692959807995548
9aq0dp7o,rolora_lr1e-3_seed0,rolora,1e-3,0,crashed,15,15,0.48957388939256574,0.5052631578947369,0.6931665927739113
9aq0dp7o,rolora_lr1e-3_seed0,rolora,1e-3,0,crashed,16,16,0.4941069809610154,0.5072595281306715,0.6931629917455173
9aq0dp7o,rolora_lr1e-3_seed0,rolora,1e-3,0,crashed,17,17,0.499546690843155,0.5087114337568058,0.6930541927341105
9aq0dp7o,rolora_lr1e-3_seed0,rolora,1e-3,0,crashed,18,18,0.5022665457842248,0.5094373865698729,0.6930542731436403
9aq0dp7o,rolora_lr1e-3_seed0,rolora,1e-3,0,crashed,19,19,0.5194922937443336,0.5152450090744102,0.6929758627741097
ouii6v7m,rolora_lr5e-4_seed0,rolora,5e-4,0,crashed,0,0,0.4768812330009066,0.49754990925589837,0.6954556369068183
ouii6v7m,rolora_lr5e-4_seed0,rolora,5e-4,0,crashed,1,1,0.4768812330009066,0.49754990925589837,0.6948196317862081
ouii6v7m,rolora_lr5e-4_seed0,rolora,5e-4,0,crashed,2,2,0.47778785131459656,0.49736842105263157,0.6943788853214745
ouii6v7m,rolora_lr5e-4_seed0,rolora,5e-4,0,crashed,3,3,0.47506799637352676,0.497005444646098,0.6939931927436283
ouii6v7m,rolora_lr5e-4_seed0,rolora,5e-4,0,crashed,4,4,0.48050770625566636,0.4957350272232305,0.6937235394933499
ouii6v7m,rolora_lr5e-4_seed0,rolora,5e-4,0,crashed,5,5,0.48322756119673616,0.4959165154264973,0.6937295309760196
ouii6v7m,rolora_lr5e-4_seed0,rolora,5e-4,0,crashed,6,6,0.47778785131459656,0.4968239564428312,0.6938875180315345
ouii6v7m,rolora_lr5e-4_seed0,rolora,5e-4,0,crashed,7,7,0.4786944696282865,0.4967332123411978,0.6937981217099879
ouii6v7m,rolora_lr5e-4_seed0,rolora,5e-4,0,crashed,8,8,0.4786944696282865,0.4961887477313975,0.6937870207636981
ouii6v7m,rolora_lr5e-4_seed0,rolora,5e-4,0,crashed,9,9,0.4814143245693563,0.49627949183303083,0.6937410943851834
ouii6v7m,rolora_lr5e-4_seed0,rolora,5e-4,0,crashed,10,10,0.4814143245693563,0.4969147005444646,0.6937236187680678
ouii6v7m,rolora_lr5e-4_seed0,rolora,5e-4,0,crashed,11,11,0.48050770625566636,0.5,0.6936220052235794
ouii6v7m,rolora_lr5e-4_seed0,rolora,5e-4,0,crashed,12,12,0.4796010879419764,0.49782214156079857,0.693630022885901
ouii6v7m,rolora_lr5e-4_seed0,rolora,5e-4,0,crashed,13,13,0.4823209428830462,0.49745916515426497,0.6936420413546419
ouii6v7m,rolora_lr5e-4_seed0,rolora,5e-4,0,crashed,14,14,0.4814143245693563,0.5026315789473684,0.6934024011234965
ouii6v7m,rolora_lr5e-4_seed0,rolora,5e-4,0,crashed,15,15,0.47506799637352676,0.5012704174228675,0.6934803367633767
ouii6v7m,rolora_lr5e-4_seed0,rolora,5e-4,0,crashed,16,16,0.48050770625566636,0.5012704174228675,0.6935321273094723
ouii6v7m,rolora_lr5e-4_seed0,rolora,5e-4,0,crashed,17,17,0.47506799637352676,0.5014519056261343,0.6934652539782381
ouii6v7m,rolora_lr5e-4_seed0,rolora,5e-4,0,crashed,18,18,0.48050770625566636,0.5015426497277677,0.6934622556430474
ouii6v7m,rolora_lr5e-4_seed0,rolora,5e-4,0,crashed,19,19,0.4786944696282865,0.5042649727767695,0.6933661378305388
rkbj070c,rolora_lr5e-2_seed0,rolora,5e-2,0,crashed,0,0,0.4768812330009066,0.49754990925589837,0.6941426227769307
rkbj070c,rolora_lr5e-2_seed0,rolora,5e-2,0,crashed,1,1,0.4768812330009066,0.49754990925589837,0.6937371814456293
rkbj070c,rolora_lr5e-2_seed0,rolora,5e-2,0,crashed,2,2,0.5611967361740707,0.5409255898366606,0.6901044388954356
rkbj070c,rolora_lr5e-2_seed0,rolora,5e-2,0,crashed,3,3,0.771532184950136,0.7726860254083484,0.4948565672444735
rkbj070c,rolora_lr5e-2_seed0,rolora,5e-2,0,crashed,4,4,0.5231187669990934,0.5024500907441016,0.6925268280754712
rkbj070c,rolora_lr5e-2_seed0,rolora,5e-2,0,crashed,5,5,0.4768812330009066,0.49754990925589837,0.693315941100756
rkbj070c,rolora_lr5e-2_seed0,rolora,5e-2,0,crashed,6,6,0.4768812330009066,0.49754990925589837,0.6933007709891388
rkbj070c,rolora_lr5e-2_seed0,rolora,5e-2,0,crashed,7,7,0.5611967361740707,0.5266787658802178,0.6925863515001368
rkbj070c,rolora_lr5e-2_seed0,rolora,5e-2,0,crashed,8,8,0.5584768812330009,0.5656079854809437,0.6916385356232132
rkbj070c,rolora_lr5e-2_seed0,rolora,5e-2,0,crashed,9,9,0.5258386219401632,0.503448275862069,0.6918260382719723
rkbj070c,rolora_lr5e-2_seed0,rolora,5e-2,0,crashed,10,10,0.5893019038984587,0.5868421052631579,0.6834518865683029
rkbj070c,rolora_lr5e-2_seed0,rolora,5e-2,0,crashed,11,11,0.6618313689936537,0.6447368421052632,0.6690255201414079
rkbj070c,rolora_lr5e-2_seed0,rolora,5e-2,0,crashed,12,12,0.48685403445149594,0.508529945553539,0.6931247803587753
rkbj070c,rolora_lr5e-2_seed0,rolora,5e-2,0,crashed,13,13,0.4768812330009066,0.49754990925589837,0.6935411818656506
rkbj070c,rolora_lr5e-2_seed0,rolora,5e-2,0,crashed,14,14,0.5974614687216682,0.5690562613430127,0.6918916891946213
rkbj070c,rolora_lr5e-2_seed0,rolora,5e-2,0,crashed,15,15,0.5394378966455122,0.5518148820326679,0.6898900049443907
rkbj070c,rolora_lr5e-2_seed0,rolora,5e-2,0,crashed,16,16,0.5883952855847688,0.5950090744101634,0.6901140467534795
rkbj070c,rolora_lr5e-2_seed0,rolora,5e-2,0,crashed,17,17,0.6137805983680871,0.5903811252268603,0.6856551776122528
rkbj070c,rolora_lr5e-2_seed0,rolora,5e-2,0,crashed,18,18,0.6455122393472348,0.6200544464609801,0.6769434648649539
rkbj070c,rolora_lr5e-2_seed0,rolora,5e-2,0,crashed,19,19,0.6355394378966455,0.6280399274047187,0.6785521406210885
ccjhvfcj,rolora_lr5e-3_seed0,rolora,5e-3,0,crashed,0,0,0.48322756119673616,0.4957350272232305,0.6937821814933909
ccjhvfcj,rolora_lr5e-3_seed0,rolora,5e-3,0,crashed,1,1,0.47778785131459656,0.4997277676950998,0.6936448862200311
ccjhvfcj,rolora_lr5e-3_seed0,rolora,5e-3,0,crashed,2,2,0.4823209428830462,0.49773139745916517,0.6936577001919232
ccjhvfcj,rolora_lr5e-3_seed0,rolora,5e-3,0,crashed,3,3,0.5031731640979148,0.5129764065335753,0.6929223825471139
ccjhvfcj,rolora_lr5e-3_seed0,rolora,5e-3,0,crashed,4,4,0.5267452402538532,0.5024500907441016,0.6923281789798684
ccjhvfcj,rolora_lr5e-3_seed0,rolora,5e-3,0,crashed,5,5,0.49773345421577514,0.5160617059891107,0.6930037400772219
ccjhvfcj,rolora_lr5e-3_seed0,rolora,5e-3,0,crashed,6,6,0.485040797824116,0.5039927404718694,0.6931126848849403
ccjhvfcj,rolora_lr5e-3_seed0,rolora,5e-3,0,crashed,7,7,0.5521305530371714,0.5391107078039927,0.6922170583594418
ccjhvfcj,rolora_lr5e-3_seed0,rolora,5e-3,0,crashed,8,8,0.5729827742520399,0.5703266787658802,0.691735614999683
ccjhvfcj,rolora_lr5e-3_seed0,rolora,5e-3,0,crashed,9,9,0.556663644605621,0.5678765880217785,0.6915571368616057
ccjhvfcj,rolora_lr5e-3_seed0,rolora,5e-3,0,crashed,10,10,0.7470534904805077,0.7477313974591652,0.6528568675273781
ccjhvfcj,rolora_lr5e-3_seed0,rolora,5e-3,0,crashed,11,11,0.7969174977334542,0.7864791288566243,0.48387389221411886
ccjhvfcj,rolora_lr5e-3_seed0,rolora,5e-3,0,crashed,12,12,0.814143245693563,0.8129764065335753,0.446513103984857
ccjhvfcj,rolora_lr5e-3_seed0,rolora,5e-3,0,crashed,13,13,0.8241160471441523,0.8231397459165154,0.4311050077459538
ccjhvfcj,rolora_lr5e-3_seed0,rolora,5e-3,0,crashed,14,14,0.8340888485947416,0.8331215970961887,0.4051671840068112
ccjhvfcj,rolora_lr5e-3_seed0,rolora,5e-3,0,crashed,15,15,0.8395285584768812,0.838929219600726,0.38591941458900086
ccjhvfcj,rolora_lr5e-3_seed0,rolora,5e-3,0,crashed,16,16,0.8458748866727108,0.8427404718693285,0.3918476393302786
ccjhvfcj,rolora_lr5e-3_seed0,rolora,5e-3,0,crashed,17,17,0.8485947416137806,0.8463702359346642,0.37850526054934386
ccjhvfcj,rolora_lr5e-3_seed0,rolora,5e-3,0,crashed,18,18,0.4768812330009066,0.49764065335753177,0.6954239570651396
ccjhvfcj,rolora_lr5e-3_seed0,rolora,5e-3,0,crashed,19,19,0.7416137805983681,0.7274047186932849,0.5592165025168944
6f2izvgk,rolora_lr2e-2_seed0,rolora,2e-2,0,crashed,0,0,0.4786944696282865,0.4941923774954628,0.6933934191952806
6f2izvgk,rolora_lr2e-2_seed0,rolora,2e-2,0,crashed,1,1,0.4796010879419764,0.49355716878402905,0.6933186470867825
6f2izvgk,rolora_lr2e-2_seed0,rolora,2e-2,0,crashed,2,2,0.4768812330009066,0.49754990925589837,0.6942914276369463
6f2izvgk,rolora_lr2e-2_seed0,rolora,2e-2,0,crashed,3,3,0.642792384406165,0.6526315789473685,0.6900351921861428
6f2izvgk,rolora_lr2e-2_seed0,rolora,2e-2,0,crashed,4,4,0.7669990933816863,0.7839382940108893,0.5116479700247158
6f2izvgk,rolora_lr2e-2_seed0,rolora,2e-2,0,crashed,5,5,0.6010879419764279,0.6231397459165154,0.6637132635250593
6f2izvgk,rolora_lr2e-2_seed0,rolora,2e-2,0,crashed,6,6,0.8168631006346329,0.8142468239564429,0.428922438097346
6f2izvgk,rolora_lr2e-2_seed0,rolora,2e-2,0,crashed,7,7,0.8087035358114234,0.8127041742286751,0.43526494238231794
6f2izvgk,rolora_lr2e-2_seed0,rolora,2e-2,0,crashed,8,8,0.8268359020852222,0.8271324863883848,0.41983625423821774
6f2izvgk,rolora_lr2e-2_seed0,rolora,2e-2,0,crashed,9,9,0.8359020852221215,0.8309437386569873,0.4109951878880114
6f2izvgk,rolora_lr2e-2_seed0,rolora,2e-2,0,crashed,10,10,0.8467815049864007,0.8382032667876588,0.3852853260981637
6f2izvgk,rolora_lr2e-2_seed0,rolora,2e-2,0,crashed,11,11,0.844061650045331,0.8342105263157895,0.394657905695661
6f2izvgk,rolora_lr2e-2_seed0,rolora,2e-2,0,crashed,12,12,0.8513145965548504,0.841470054446461,0.37229379735961354
6f2izvgk,rolora_lr2e-2_seed0,rolora,2e-2,0,crashed,13,13,0.6400725294650952,0.6432849364791289,0.5974334605369153
6f2izvgk,rolora_lr2e-2_seed0,rolora,2e-2,0,crashed,14,14,0.8422484134179511,0.8323956442831216,0.4047066131885335
6f2izvgk,rolora_lr2e-2_seed0,rolora,2e-2,0,crashed,15,15,0.8504079782411604,0.8404718693284936,0.38308675339950393
6f2izvgk,rolora_lr2e-2_seed0,rolora,2e-2,0,crashed,16,16,0.8640072529465095,0.8482758620689655,0.35926727783053114
6f2izvgk,rolora_lr2e-2_seed0,rolora,2e-2,0,crashed,17,17,0.8631006346328196,0.8485480943738657,0.36466491296684755
6f2izvgk,rolora_lr2e-2_seed0,rolora,2e-2,0,crashed,18,18,0.8640072529465095,0.8536297640653357,0.3560880446098981
6f2izvgk,rolora_lr2e-2_seed0,rolora,2e-2,0,crashed,19,19,0.8585675430643699,0.8521778584392015,0.36006885490034884
dhc1rmsa,rolora_lr2e-3_seed0,rolora,2e-3,0,crashed,0,0,0.47778785131459656,0.49764065335753177,0.6942452974245965
dhc1rmsa,rolora_lr2e-3_seed0,rolora,2e-3,0,crashed,1,1,0.47778785131459656,0.49727767695099817,0.6939160854624059
dhc1rmsa,rolora_lr2e-3_seed0,rolora,2e-3,0,crashed,2,2,0.4814143245693563,0.49727767695099817,0.6936657202859846
dhc1rmsa,rolora_lr2e-3_seed0,rolora,2e-3,0,crashed,3,3,0.5013599274705349,0.49537205081669694,0.6932515474956682
dhc1rmsa,rolora_lr2e-3_seed0,rolora,2e-3,0,crashed,4,4,0.5077062556663645,0.5063520871143375,0.6929327587809005
dhc1rmsa,rolora_lr2e-3_seed0,rolora,2e-3,0,crashed,5,5,0.485040797824116,0.5003629764065336,0.6933106131047848
dhc1rmsa,rolora_lr2e-3_seed0,rolora,2e-3,0,crashed,6,6,0.48050770625566636,0.4982758620689655,0.6936286590040973
dhc1rmsa,rolora_lr2e-3_seed0,rolora,2e-3,0,crashed,7,7,0.5013599274705349,0.5066243194192378,0.6931492637636871
dhc1rmsa,rolora_lr2e-3_seed0,rolora,2e-3,0,crashed,8,8,0.5040797824116047,0.5129764065335753,0.6930536880130024
dhc1rmsa,rolora_lr2e-3_seed0,rolora,2e-3,0,crashed,9,9,0.49229374433363554,0.50989110707804,0.6931677670880868
dhc1rmsa,rolora_lr2e-3_seed0,rolora,2e-3,0,crashed,10,10,0.49773345421577514,0.5142468239564428,0.6931185759637751
dhc1rmsa,rolora_lr2e-3_seed0,rolora,2e-3,0,crashed,11,11,0.499546690843155,0.5150635208711434,0.6930179826151968
dhc1rmsa,rolora_lr2e-3_seed0,rolora,2e-3,0,crashed,12,12,0.5167724388032638,0.5258620689655172,0.6928371252628855
dhc1rmsa,rolora_lr2e-3_seed0,rolora,2e-3,0,crashed,13,13,0.4877606527651859,0.5066243194192378,0.6931906586220776
dhc1rmsa,rolora_lr2e-3_seed0,rolora,2e-3,0,crashed,14,14,0.5475974614687217,0.5330308529945553,0.6923192302313914
dhc1rmsa,rolora_lr2e-3_seed0,rolora,2e-3,0,crashed,15,15,0.5176790571169537,0.5298548094373866,0.6927053716003301
dhc1rmsa,rolora_lr2e-3_seed0,rolora,2e-3,0,crashed,16,16,0.5394378966455122,0.5418330308529945,0.6924420435755013
dhc1rmsa,rolora_lr2e-3_seed0,rolora,2e-3,0,crashed,17,17,0.5403445149592022,0.5568058076225045,0.6922260146733316
dhc1rmsa,rolora_lr2e-3_seed0,rolora,2e-3,0,crashed,18,18,0.5611967361740707,0.5544464609800362,0.6920415183574853
dhc1rmsa,rolora_lr2e-3_seed0,rolora,2e-3,0,crashed,19,19,0.5611967361740707,0.5526315789473685,0.6920037454944897
0fmsijf3,rolora_lr1e-1_seed0,rolora,1e-1,0,crashed,0,0,0.5258386219401632,0.5042649727767695,0.6930475808335561
0fmsijf3,rolora_lr1e-1_seed0,rolora,1e-1,0,crashed,1,1,0.4768812330009066,0.49754990925589837,0.6932612845061156
0fmsijf3,rolora_lr1e-1_seed0,rolora,1e-1,0,crashed,2,2,0.4823209428830462,0.5010889292196007,0.6922326977428045
0fmsijf3,rolora_lr1e-1_seed0,rolora,1e-1,0,crashed,3,3,0.47778785131459656,0.4983666061705989,0.6933087030001802
0fmsijf3,rolora_lr1e-1_seed0,rolora,1e-1,0,crashed,4,4,0.5231187669990934,0.5024500907441016,0.6927667159117684
0fmsijf3,rolora_lr1e-1_seed0,rolora,1e-1,0,crashed,5,5,0.4768812330009066,0.49754990925589837,0.6932448824751085
0fmsijf3,rolora_lr1e-1_seed0,rolora,1e-1,0,crashed,6,6,0.4768812330009066,0.49754990925589837,0.6934031801448556
0fmsijf3,rolora_lr1e-1_seed0,rolora,1e-1,0,crashed,7,7,0.5231187669990934,0.5024500907441016,0.6930828097184355
0fmsijf3,rolora_lr1e-1_seed0,rolora,1e-1,0,crashed,8,8,0.5231187669990934,0.5024500907441016,0.693060532387883
0fmsijf3,rolora_lr1e-1_seed0,rolora,1e-1,0,crashed,9,9,0.5231187669990934,0.5024500907441016,0.6930988323980316
0fmsijf3,rolora_lr1e-1_seed0,rolora,1e-1,0,crashed,10,10,0.4768812330009066,0.49754990925589837,0.6932637874688868
0fmsijf3,rolora_lr1e-1_seed0,rolora,1e-1,0,crashed,11,11,0.4768812330009066,0.49754990925589837,0.6933450939324587
0fmsijf3,rolora_lr1e-1_seed0,rolora,1e-1,0,crashed,12,12,0.4768812330009066,0.49754990925589837,0.6933367902434964
0fmsijf3,rolora_lr1e-1_seed0,rolora,1e-1,0,crashed,13,13,0.4768812330009066,0.49754990925589837,0.6935746315816047
0fmsijf3,rolora_lr1e-1_seed0,rolora,1e-1,0,crashed,14,14,0.5231187669990934,0.5024500907441016,0.6930242906563517
0fmsijf3,rolora_lr1e-1_seed0,rolora,1e-1,0,crashed,15,15,0.4768812330009066,0.49754990925589837,0.693177184189652
0fmsijf3,rolora_lr1e-1_seed0,rolora,1e-1,0,crashed,16,16,0.4768812330009066,0.49754990925589837,0.6933111160966556
0fmsijf3,rolora_lr1e-1_seed0,rolora,1e-1,0,crashed,17,17,0.5231187669990934,0.5024500907441016,0.693050641745518
0fmsijf3,rolora_lr1e-1_seed0,rolora,1e-1,0,crashed,18,18,0.4768812330009066,0.49754990925589837,0.6932104827594671
0fmsijf3,rolora_lr1e-1_seed0,rolora,1e-1,0,crashed,19,19,0.4796010879419764,0.5005444646098004,0.6931160851056642
rn92d3z0,rolora_lr1e-2_seed1,rolora,1e-2,1,crashed,0,0,0.49501359927470534,0.5075317604355717,0.6931694924885429
rn92d3z0,rolora_lr1e-2_seed1,rolora,1e-2,1,crashed,1,1,0.5176790571169537,0.5050816696914701,0.6924299691227059
rn92d3z0,rolora_lr1e-2_seed1,rolora,1e-2,1,crashed,2,2,0.49773345421577514,0.5091651542649728,0.6929502022450119
rn92d3z0,rolora_lr1e-2_seed1,rolora,1e-2,1,crashed,3,3,0.5294650951949229,0.5181488203266787,0.6922473845866628
rn92d3z0,rolora_lr1e-2_seed1,rolora,1e-2,1,crashed,4,4,0.48957388939256574,0.5081669691470054,0.6926342290526396
rn92d3z0,rolora_lr1e-2_seed1,rolora,1e-2,1,crashed,5,5,0.5031731640979148,0.5152450090744102,0.692433559397406
rn92d3z0,rolora_lr1e-2_seed1,rolora,1e-2,1,crashed,6,6,0.48322756119673616,0.5010889292196007,0.6905794515462756
rn92d3z0,rolora_lr1e-2_seed1,rolora,1e-2,1,crashed,7,7,0.7334542157751587,0.7329401088929219,0.6276872624404195
rn92d3z0,rolora_lr1e-2_seed1,rolora,1e-2,1,crashed,8,8,0.7679057116953762,0.7700544464609801,0.4907945995966305
rn92d3z0,rolora_lr1e-2_seed1,rolora,1e-2,1,crashed,9,9,0.7996373526745241,0.7987295825771324,0.45643007187873585
rn92d3z0,rolora_lr1e-2_seed1,rolora,1e-2,1,crashed,10,10,0.8177697189483227,0.8097096188747731,0.428359847796147
rn92d3z0,rolora_lr1e-2_seed1,rolora,1e-2,1,crashed,11,11,0.8349954669084315,0.8202359346642468,0.40634232392012803
rn92d3z0,rolora_lr1e-2_seed1,rolora,1e-2,1,crashed,12,12,0.8322756119673618,0.835480943738657,0.3776851269675728
rn92d3z0,rolora_lr1e-2_seed1,rolora,1e-2,1,crashed,13,13,0.844061650045331,0.8421052631578947,0.3677614548345749
rn92d3z0,rolora_lr1e-2_seed1,rolora,1e-2,1,crashed,14,14,0.8485947416137806,0.8480036297640653,0.3609006986602911
rn92d3z0,rolora_lr1e-2_seed1,rolora,1e-2,1,crashed,15,15,0.85675430643699,0.8493647912885662,0.3533186526565474
rn92d3z0,rolora_lr1e-2_seed1,rolora,1e-2,1,crashed,16,16,0.8558476881233001,0.8547186932849364,0.3624393674912284
rn92d3z0,rolora_lr1e-2_seed1,rolora,1e-2,1,crashed,17,17,0.8612873980054397,0.8538112522686025,0.35618518530674015
rn92d3z0,rolora_lr1e-2_seed1,rolora,1e-2,1,crashed,18,18,0.8640072529465095,0.8598003629764065,0.3447030628284107
rn92d3z0,rolora_lr1e-2_seed1,rolora,1e-2,1,crashed,19,19,0.8712601994560291,0.8610707803992741,0.34373568727931214
vm4kcqg8,rolora_lr2e-2_seed1,rolora,2e-2,1,crashed,0,0,0.5466908431550317,0.5234119782214156,0.6926901924102175
vm4kcqg8,rolora_lr2e-2_seed1,rolora,2e-2,1,crashed,1,1,0.5185856754306437,0.5026315789473684,0.692305374664279
vm4kcqg8,rolora_lr2e-2_seed1,rolora,2e-2,1,crashed,2,2,0.4913871260199456,0.5086206896551724,0.6925671234091951
vm4kcqg8,rolora_lr2e-2_seed1,rolora,2e-2,1,crashed,3,3,0.5231187669990934,0.503448275862069,0.6911178120460061
vm4kcqg8,rolora_lr2e-2_seed1,rolora,2e-2,1,crashed,4,4,0.771532184950136,0.7719600725952813,0.5377348882170666
vm4kcqg8,rolora_lr2e-2_seed1,rolora,2e-2,1,crashed,5,5,0.7651858567543064,0.7656987295825771,0.5125120931177494
vm4kcqg8,rolora_lr2e-2_seed1,rolora,2e-2,1,crashed,6,6,0.6890299184043518,0.6959165154264972,0.609568126776601
vm4kcqg8,rolora_lr2e-2_seed1,rolora,2e-2,1,crashed,7,7,0.4768812330009066,0.49754990925589837,0.7032913948229412
vm4kcqg8,rolora_lr2e-2_seed1,rolora,2e-2,1,crashed,8,8,0.47778785131459656,0.4980943738656987,0.6935137363854907
vm4kcqg8,rolora_lr2e-2_seed1,rolora,2e-2,1,crashed,9,9,0.5602901178603807,0.5724137931034483,0.6889805739183158
vm4kcqg8,rolora_lr2e-2_seed1,rolora,2e-2,1,crashed,10,10,0.6047144152311876,0.6023593466424683,0.6827524068781385
vm4kcqg8,rolora_lr2e-2_seed1,rolora,2e-2,1,crashed,11,11,0.5983680870353582,0.5921052631578947,0.6694483900761885
vm4kcqg8,rolora_lr2e-2_seed1,rolora,2e-2,1,crashed,12,12,0.4741613780598368,0.49754990925589837,0.6955113234243281
vm4kcqg8,rolora_lr2e-2_seed1,rolora,2e-2,1,crashed,13,13,0.5784224841341795,0.5930127041742287,0.6824391322684958
vm4kcqg8,rolora_lr2e-2_seed1,rolora,2e-2,1,crashed,14,14,0.5049864007252947,0.5221415607985481,0.6939888350118428
vm4kcqg8,rolora_lr2e-2_seed1,rolora,2e-2,1,crashed,15,15,0.6727107887579329,0.676497277676951,0.6138342384954852
vm4kcqg8,rolora_lr2e-2_seed1,rolora,2e-2,1,crashed,16,16,0.5820489573889392,0.5967332123411978,0.6709872215094614
vm4kcqg8,rolora_lr2e-2_seed1,rolora,2e-2,1,crashed,17,17,0.6917497733454215,0.696551724137931,0.5874194901365641
vm4kcqg8,rolora_lr2e-2_seed1,rolora,2e-2,1,crashed,18,18,0.700815956482321,0.6911978221415608,0.5936796330151942
vm4kcqg8,rolora_lr2e-2_seed1,rolora,2e-2,1,crashed,19,19,0.7162284678150499,0.7091651542649727,0.5616613867492537
9rut894v,rolora_lr5e-3_seed1,rolora,5e-3,1,crashed,0,0,0.5095194922937444,0.518874773139746,0.6930393870592333
9rut894v,rolora_lr5e-3_seed1,rolora,5e-3,1,crashed,1,1,0.5213055303717135,0.5081669691470054,0.6925353279247786
9rut894v,rolora_lr5e-3_seed1,rolora,5e-3,1,crashed,2,2,0.4913871260199456,0.5062613430127042,0.6930772034773909
9rut894v,rolora_lr5e-3_seed1,rolora,5e-3,1,crashed,3,3,0.5475974614687217,0.5289473684210526,0.6927066441567941
9rut894v,rolora_lr5e-3_seed1,rolora,5e-3,1,crashed,4,4,0.5095194922937444,0.5241379310344828,0.6928337901047112
9rut894v,rolora_lr5e-3_seed1,rolora,5e-3,1,crashed,5,5,0.4841341795104261,0.5036297640653358,0.6930439922880932
9rut894v,rolora_lr5e-3_seed1,rolora,5e-3,1,crashed,6,6,0.5784224841341795,0.5542649727767696,0.6921925100000577
9rut894v,rolora_lr5e-3_seed1,rolora,5e-3,1,crashed,7,7,0.47778785131459656,0.4985480943738657,0.6930695497654615
9rut894v,rolora_lr5e-3_seed1,rolora,5e-3,1,crashed,8,8,0.5185856754306437,0.5346642468239564,0.6923075638785756
9rut894v,rolora_lr5e-3_seed1,rolora,5e-3,1,crashed,9,9,0.5793291024478694,0.5753176043557169,0.6919542191683543
9rut894v,rolora_lr5e-3_seed1,rolora,5e-3,1,crashed,10,10,0.527651858567543,0.541923774954628,0.6916871567477125
9rut894v,rolora_lr5e-3_seed1,rolora,5e-3,1,crashed,11,11,0.6192203082502267,0.6109800362976406,0.6909176707808148
9rut894v,rolora_lr5e-3_seed1,rolora,5e-3,1,crashed,12,12,0.6019945602901179,0.6073502722323049,0.6876264407974098
9rut894v,rolora_lr5e-3_seed1,rolora,5e-3,1,crashed,13,13,0.7180417044424298,0.7202359346642468,0.6748450552995704
9rut894v,rolora_lr5e-3_seed1,rolora,5e-3,1,crashed,14,14,0.7878513145965549,0.7980036297640654,0.46995678908805466
9rut894v,rolora_lr5e-3_seed1,rolora,5e-3,1,crashed,15,15,0.8077969174977334,0.8024500907441017,0.4547464467132513
9rut894v,rolora_lr5e-3_seed1,rolora,5e-3,1,crashed,16,16,0.8241160471441523,0.8225952813067151,0.4279675272682636
9rut894v,rolora_lr5e-3_seed1,rolora,5e-3,1,crashed,17,17,0.8268359020852222,0.8275862068965517,0.4113764555640147
9rut894v,rolora_lr5e-3_seed1,rolora,5e-3,1,crashed,18,18,0.844061650045331,0.8382032667876588,0.38835832979175466
9rut894v,rolora_lr5e-3_seed1,rolora,5e-3,1,crashed,19,19,0.843155031731641,0.8404718693284936,0.3770800137509029
kuixcujx,rolora_lr1e-2_seed2,rolora,1e-2,2,crashed,0,0,0.4768812330009066,0.49754990925589837,0.6945411582373535
kuixcujx,rolora_lr1e-2_seed2,rolora,1e-2,2,crashed,1,1,0.471441523118767,0.49936479128856626,0.6938848230153566
kuixcujx,rolora_lr1e-2_seed2,rolora,1e-2,2,crashed,2,2,0.4913871260199456,0.514519056261343,0.6932198177222653
kuixcujx,rolora_lr1e-2_seed2,rolora,1e-2,2,crashed,3,3,0.47506799637352676,0.5017241379310344,0.6934457240813663
kuixcujx,rolora_lr1e-2_seed2,rolora,1e-2,2,crashed,4,4,0.5231187669990934,0.5023593466424683,0.6919509226478238
kuixcujx,rolora_lr1e-2_seed2,rolora,1e-2,2,crashed,5,5,0.5403445149592022,0.5205989110707804,0.6921889946769825
kuixcujx,rolora_lr1e-2_seed2,rolora,1e-2,2,crashed,6,6,0.4786944696282865,0.5039927404718694,0.6896013837993307
kuixcujx,rolora_lr1e-2_seed2,rolora,1e-2,2,crashed,7,7,0.7960108794197642,0.7875680580762251,0.5104999786491082
kuixcujx,rolora_lr1e-2_seed2,rolora,1e-2,2,crashed,8,8,0.772438803263826,0.7844827586206896,0.5032798216652027
kuixcujx,rolora_lr1e-2_seed2,rolora,1e-2,2,crashed,9,9,0.7896645512239348,0.7992740471869328,0.4555049580222136
kuixcujx,rolora_lr1e-2_seed2,rolora,1e-2,2,crashed,10,10,0.8068902991840435,0.8088021778584392,0.4460951173078549
kuixcujx,rolora_lr1e-2_seed2,rolora,1e-2,2,crashed,11,11,0.814143245693563,0.8182395644283121,0.43056094014201507
kuixcujx,rolora_lr1e-2_seed2,rolora,1e-2,2,crashed,12,12,0.8241160471441523,0.8282214156079855,0.40129203368940897
kuixcujx,rolora_lr1e-2_seed2,rolora,1e-2,2,crashed,13,13,0.8331822302810517,0.8326678765880218,0.39475563738633584
kuixcujx,rolora_lr1e-2_seed2,rolora,1e-2,2,crashed,14,14,0.843155031731641,0.8411070780399275,0.38199952088046485
kuixcujx,rolora_lr1e-2_seed2,rolora,1e-2,2,crashed,15,15,0.8495013599274706,0.8460980036297641,0.3786395044620753
kuixcujx,rolora_lr1e-2_seed2,rolora,1e-2,2,crashed,16,16,0.85675430643699,0.8489110707803993,0.3709613490623446
kuixcujx,rolora_lr1e-2_seed2,rolora,1e-2,2,crashed,17,17,0.8585675430643699,0.8537205081669691,0.3683715116837191
kuixcujx,rolora_lr1e-2_seed2,rolora,1e-2,2,crashed,18,18,0.8585675430643699,0.8532667876588022,0.3717503921886195
kuixcujx,rolora_lr1e-2_seed2,rolora,1e-2,2,crashed,19,19,0.8603807796917498,0.8540834845735027,0.3691932868654903
oaql16yo,rolora_lr2e-2_seed2,rolora,2e-2,2,crashed,0,0,0.4768812330009066,0.49754990925589837,0.6955674949928726
oaql16yo,rolora_lr2e-2_seed2,rolora,2e-2,2,crashed,1,1,0.4768812330009066,0.49773139745916517,0.6942351576639972
oaql16yo,rolora_lr2e-2_seed2,rolora,2e-2,2,crashed,2,2,0.4814143245693563,0.5106170598911071,0.6930259378088245
oaql16yo,rolora_lr2e-2_seed2,rolora,2e-2,2,crashed,3,3,0.4759746146872167,0.4986388384754991,0.6932195033253266
oaql16yo,rolora_lr2e-2_seed2,rolora,2e-2,2,crashed,4,4,0.7923844061650045,0.7969147005444646,0.5580895467444322
oaql16yo,rolora_lr2e-2_seed2,rolora,2e-2,2,crashed,5,5,0.8068902991840435,0.8033575317604356,0.4391765453711706
oaql16yo,rolora_lr2e-2_seed2,rolora,2e-2,2,crashed,6,6,0.786038077969175,0.792649727767695,0.4873109307217792
oaql16yo,rolora_lr2e-2_seed2,rolora,2e-2,2,crashed,7,7,0.8032638259292838,0.8012704174228675,0.4363156583021688
oaql16yo,rolora_lr2e-2_seed2,rolora,2e-2,2,crashed,8,8,0.8159564823209429,0.8151542649727768,0.4331159058043012
oaql16yo,rolora_lr2e-2_seed2,rolora,2e-2,2,crashed,9,9,0.8213961922030825,0.8220508166969147,0.41630002731965654
oaql16yo,rolora_lr2e-2_seed2,rolora,2e-2,2,crashed,10,10,0.8340888485947416,0.8336660617059891,0.39843023174585046
oaql16yo,rolora_lr2e-2_seed2,rolora,2e-2,2,crashed,11,11,0.8467815049864007,0.8360254083484574,0.39089189684617986
oaql16yo,rolora_lr2e-2_seed2,rolora,2e-2,2,crashed,12,12,0.8531278331822303,0.8436479128856624,0.376137476073323
oaql16yo,rolora_lr2e-2_seed2,rolora,2e-2,2,crashed,13,13,0.8540344514959202,0.8436479128856624,0.3816110921089798
oaql16yo,rolora_lr2e-2_seed2,rolora,2e-2,2,crashed,14,14,0.8594741613780599,0.8485480943738657,0.35722197489584995
oaql16yo,rolora_lr2e-2_seed2,rolora,2e-2,2,crashed,15,15,0.8540344514959202,0.8478221415607986,0.36109619206011784
oaql16yo,rolora_lr2e-2_seed2,rolora,2e-2,2,crashed,16,16,0.8513145965548504,0.8549001814882032,0.35807552930991
oaql16yo,rolora_lr2e-2_seed2,rolora,2e-2,2,crashed,17,17,0.8522212148685403,0.8557168784029038,0.3608358136140965
oaql16yo,rolora_lr2e-2_seed2,rolora,2e-2,2,crashed,18,18,0.8585675430643699,0.8582577132486389,0.34862097623611943
oaql16yo,rolora_lr2e-2_seed2,rolora,2e-2,2,crashed,19,19,0.8612873980054397,0.8562613430127042,0.3495090762431905
jco7wbc1,rolora_lr5e-3_seed2,rolora,5e-3,2,crashed,0,0,0.4732547597461469,0.49900181488203266,0.6938670712066367
jco7wbc1,rolora_lr5e-3_seed2,rolora,5e-3,2,crashed,1,1,0.4768812330009066,0.49637023593466423,0.6935648595000653
jco7wbc1,rolora_lr5e-3_seed2,rolora,5e-3,2,crashed,2,2,0.4959202175883953,0.5129764065335753,0.6933208608886705
jco7wbc1,rolora_lr5e-3_seed2,rolora,5e-3,2,crashed,3,3,0.4696282864913871,0.5009074410163339,0.6934598360078937
jco7wbc1,rolora_lr5e-3_seed2,rolora,5e-3,2,crashed,4,4,0.5249320036264733,0.5019056261343012,0.6925913461856376
jco7wbc1,rolora_lr5e-3_seed2,rolora,5e-3,2,crashed,5,5,0.527651858567543,0.5343920145190563,0.6928858258782574
jco7wbc1,rolora_lr5e-3_seed2,rolora,5e-3,2,crashed,6,6,0.4732547597461469,0.5068058076225045,0.6931859572043986
jco7wbc1,rolora_lr5e-3_seed2,rolora,5e-3,2,crashed,7,7,0.5403445149592022,0.5549001814882033,0.6927235222143794
jco7wbc1,rolora_lr5e-3_seed2,rolora,5e-3,2,crashed,8,8,0.5303717135086129,0.5092558983666061,0.6920299064216026
jco7wbc1,rolora_lr5e-3_seed2,rolora,5e-3,2,crashed,9,9,0.5185856754306437,0.5379310344827586,0.69264591502149
jco7wbc1,rolora_lr5e-3_seed2,rolora,5e-3,2,crashed,10,10,0.4786944696282865,0.5050816696914701,0.6924229522023758
jco7wbc1,rolora_lr5e-3_seed2,rolora,5e-3,2,crashed,11,11,0.6554850407978241,0.6469147005444646,0.6905847383107473
jco7wbc1,rolora_lr5e-3_seed2,rolora,5e-3,2,crashed,12,12,0.7651858567543064,0.7774954627949183,0.5906703138718903
jco7wbc1,rolora_lr5e-3_seed2,rolora,5e-3,2,crashed,13,13,0.8077969174977334,0.8010889292196007,0.45227467813820377
jco7wbc1,rolora_lr5e-3_seed2,rolora,5e-3,2,crashed,14,14,0.8232094288304623,0.8205989110707804,0.4282748982891211
jco7wbc1,rolora_lr5e-3_seed2,rolora,5e-3,2,crashed,15,15,0.8268359020852222,0.8274047186932849,0.42065416953289175
jco7wbc1,rolora_lr5e-3_seed2,rolora,5e-3,2,crashed,16,16,0.8368087035358114,0.8381125226860254,0.39571286069190403
jco7wbc1,rolora_lr5e-3_seed2,rolora,5e-3,2,crashed,17,17,0.843155031731641,0.8441016333938294,0.38372755477564613
jco7wbc1,rolora_lr5e-3_seed2,rolora,5e-3,2,crashed,18,18,0.8485947416137806,0.8480943738656987,0.3614150654129407
jco7wbc1,rolora_lr5e-3_seed2,rolora,5e-3,2,crashed,19,19,0.8594741613780599,0.8567150635208711,0.34242310926845043
7jimqqxf,lora_lr1e-2_seed0,lora,1e-2,0,crashed,0,0,0.4796010879419764,0.49528130671506354,0.6934656641316868
7jimqqxf,lora_lr1e-2_seed0,lora,1e-2,0,crashed,1,1,0.48050770625566636,0.4926497277676951,0.6933517964558502
7jimqqxf,lora_lr1e-2_seed0,lora,1e-2,0,crashed,2,2,0.47778785131459656,0.49736842105263157,0.6943177167978053
7jimqqxf,lora_lr1e-2_seed0,lora,1e-2,0,crashed,3,3,0.527651858567543,0.5006352087114337,0.6927879219258362
7jimqqxf,lora_lr1e-2_seed0,lora,1e-2,0,crashed,4,4,0.5231187669990934,0.5024500907441016,0.6923516763953437
7jimqqxf,lora_lr1e-2_seed0,lora,1e-2,0,crashed,5,5,0.4877606527651859,0.49936479128856626,0.6933003425165836
7jimqqxf,lora_lr1e-2_seed0,lora,1e-2,0,crashed,6,6,0.48322756119673616,0.49882032667876586,0.6936065532462984
7jimqqxf,lora_lr1e-2_seed0,lora,1e-2,0,crashed,7,7,0.5231187669990934,0.5022686025408348,0.6923449478253169
7jimqqxf,lora_lr1e-2_seed0,lora,1e-2,0,crashed,8,8,0.5303717135086129,0.502540834845735,0.692643840044926
7jimqqxf,lora_lr1e-2_seed0,lora,1e-2,0,crashed,9,9,0.5167724388032638,0.5146098003629764,0.6928774535601937
7jimqqxf,lora_lr1e-2_seed0,lora,1e-2,0,crashed,10,10,0.4841341795104261,0.5058983666061706,0.693283967937217
7jimqqxf,lora_lr1e-2_seed0,lora,1e-2,0,crashed,11,11,0.4814143245693563,0.49954627949183306,0.6935618083691013
7jimqqxf,lora_lr1e-2_seed0,lora,1e-2,0,crashed,12,12,0.5339981867633726,0.5087114337568058,0.6926121106497937
7jimqqxf,lora_lr1e-2_seed0,lora,1e-2,0,crashed,13,13,0.4768812330009066,0.49754990925589837,0.6944765670128767
7jimqqxf,lora_lr1e-2_seed0,lora,1e-2,0,crashed,14,14,0.5258386219401632,0.5026315789473684,0.6924296232752657
7jimqqxf,lora_lr1e-2_seed0,lora,1e-2,0,crashed,15,15,0.4986400725294651,0.5135208711433756,0.6930738090388038
7jimqqxf,lora_lr1e-2_seed0,lora,1e-2,0,crashed,16,16,0.47778785131459656,0.4985480943738657,0.6936263552818748
7jimqqxf,lora_lr1e-2_seed0,lora,1e-2,0,crashed,17,17,0.5231187669990934,0.5024500907441016,0.6920811028666423
7jimqqxf,lora_lr1e-2_seed0,lora,1e-2,0,crashed,18,18,0.5448776065276518,0.5237749546279492,0.692531184294174
7jimqqxf,lora_lr1e-2_seed0,lora,1e-2,0,crashed,19,19,0.5231187669990934,0.5312159709618874,0.692795333598596
eq9n733n,lora_lr1e-2_seed1,lora,1e-2,1,crashed,0,0,0.49501359927470534,0.5077132486388385,0.6931684206857102
eq9n733n,lora_lr1e-2_seed1,lora,1e-2,1,crashed,1,1,0.5167724388032638,0.5048094373865699,0.6924159908337909
eq9n733n,lora_lr1e-2_seed1,lora,1e-2,1,crashed,2,2,0.5004533091568449,0.5178765880217786,0.6930511846179218
eq9n733n,lora_lr1e-2_seed1,lora,1e-2,1,crashed,3,3,0.5167724388032638,0.5063520871143375,0.6923613551521128
eq9n733n,lora_lr1e-2_seed1,lora,1e-2,1,crashed,4,4,0.47778785131459656,0.4997277676950998,0.6933563111159117
eq9n733n,lora_lr1e-2_seed1,lora,1e-2,1,crashed,5,5,0.48322756119673616,0.5027223230490018,0.6932011002426459
eq9n733n,lora_lr1e-2_seed1,lora,1e-2,1,crashed,6,6,0.5421577515865821,0.5271324863883847,0.6925158899476717
eq9n733n,lora_lr1e-2_seed1,lora,1e-2,1,crashed,7,7,0.4796010879419764,0.5018148820326679,0.6932141821922655
eq9n733n,lora_lr1e-2_seed1,lora,1e-2,1,crashed,8,8,0.485040797824116,0.5039019963702359,0.6931162653786425
eq9n733n,lora_lr1e-2_seed1,lora,1e-2,1,crashed,9,9,0.57116953762466,0.5433756805807622,0.6925567613335382
eq9n733n,lora_lr1e-2_seed1,lora,1e-2,1,crashed,10,10,0.514959202175884,0.5262250453720508,0.692853932205591
eq9n733n,lora_lr1e-2_seed1,lora,1e-2,1,crashed,11,11,0.5521305530371714,0.5283121597096189,0.6923719309506801
eq9n733n,lora_lr1e-2_seed1,lora,1e-2,1,crashed,12,12,0.4768812330009066,0.49764065335753177,0.6936942638317672
eq9n733n,lora_lr1e-2_seed1,lora,1e-2,1,crashed,13,13,0.5185856754306437,0.5105263157894737,0.6921414140128916
eq9n733n,lora_lr1e-2_seed1,lora,1e-2,1,crashed,14,14,0.4814143245693563,0.5049001814882033,0.6930124517580865
eq9n733n,lora_lr1e-2_seed1,lora,1e-2,1,crashed,15,15,0.4768812330009066,0.49754990925589837,0.6937607265232049
eq9n733n,lora_lr1e-2_seed1,lora,1e-2,1,crashed,16,16,0.4768812330009066,0.49754990925589837,0.6939903723577532
eq9n733n,lora_lr1e-2_seed1,lora,1e-2,1,crashed,17,17,0.5213055303717135,0.5035390199637023,0.691896872204861
eq9n733n,lora_lr1e-2_seed1,lora,1e-2,1,crashed,18,18,0.5358114233907525,0.5195099818511797,0.6920793216442478
eq9n733n,lora_lr1e-2_seed1,lora,1e-2,1,crashed,19,19,0.5067996373526745,0.5236842105263158,0.6927232800671326
5nid1vgb,lora_lr1e-2_seed2,lora,1e-2,2,crashed,0,0,0.4768812330009066,0.49754990925589837,0.6945411582373535
5nid1vgb,lora_lr1e-2_seed2,lora,1e-2,2,crashed,1,1,0.471441523118767,0.4997277676950998,0.6938788128893482
5nid1vgb,lora_lr1e-2_seed2,lora,1e-2,2,crashed,2,2,0.46509519492293744,0.4984573502722323,0.6935923825797446
5nid1vgb,lora_lr1e-2_seed2,lora,1e-2,2,crashed,3,3,0.47053490480507704,0.4998185117967332,0.6937776609971539
5nid1vgb,lora_lr1e-2_seed2,lora,1e-2,2,crashed,4,4,0.5231187669990934,0.5024500907441016,0.6926147768633645
5nid1vgb,lora_lr1e-2_seed2,lora,1e-2,2,crashed,5,5,0.5203989120580236,0.5037205081669691,0.6929402509712675
5nid1vgb,lora_lr1e-2_seed2,lora,1e-2,2,crashed,6,6,0.4732547597461469,0.49909255898366606,0.6938336062517797
5nid1vgb,lora_lr1e-2_seed2,lora,1e-2,2,crashed,7,7,0.5131459655485041,0.5217785843920145,0.6931549379853692
5nid1vgb,lora_lr1e-2_seed2,lora,1e-2,2,crashed,8,8,0.5231187669990934,0.502540834845735,0.6925023496961551
5nid1vgb,lora_lr1e-2_seed2,lora,1e-2,2,crashed,9,9,0.5213055303717135,0.52513611615245,0.6930221998464596
5nid1vgb,lora_lr1e-2_seed2,lora,1e-2,2,crashed,10,10,0.47506799637352676,0.4982758620689655,0.6938821399957618
5nid1vgb,lora_lr1e-2_seed2,lora,1e-2,2,crashed,11,11,0.5267452402538532,0.5302177858439201,0.6929548977184382
5nid1vgb,lora_lr1e-2_seed2,lora,1e-2,2,crashed,12,12,0.4768812330009066,0.49754990925589837,0.6941651631676924
5nid1vgb,lora_lr1e-2_seed2,lora,1e-2,2,crashed,13,13,0.5294650951949229,0.5090744101633394,0.6926946212568827
5nid1vgb,lora_lr1e-2_seed2,lora,1e-2,2,crashed,14,14,0.5258386219401632,0.5362068965517242,0.6930396313680267
5nid1vgb,lora_lr1e-2_seed2,lora,1e-2,2,crashed,15,15,0.5303717135086129,0.5397459165154265,0.6928353101582497
5nid1vgb,lora_lr1e-2_seed2,lora,1e-2,2,crashed,16,16,0.5194922937443336,0.5346642468239564,0.6930223246217314
5nid1vgb,lora_lr1e-2_seed2,lora,1e-2,2,crashed,17,17,0.5231187669990934,0.5024500907441016,0.6921655742125628
5nid1vgb,lora_lr1e-2_seed2,lora,1e-2,2,crashed,18,18,0.5231187669990934,0.5024500907441016,0.6920843248138185
5nid1vgb,lora_lr1e-2_seed2,lora,1e-2,2,crashed,19,19,0.5267452402538532,0.502540834845735,0.6923794463776721
xbdcm3zu,lora_lr2e-2_seed0,lora,2e-2,0,crashed,0,0,0.4796010879419764,0.49364791288566245,0.69338336757174
xbdcm3zu,lora_lr2e-2_seed0,lora,2e-2,0,crashed,1,1,0.48322756119673616,0.4959165154264973,0.6932798419232166
xbdcm3zu,lora_lr2e-2_seed0,lora,2e-2,0,crashed,2,2,0.4768812330009066,0.49754990925589837,0.6952802415123228
xbdcm3zu,lora_lr2e-2_seed0,lora,2e-2,0,crashed,3,3,0.5240253853127833,0.5022686025408348,0.6925217717318565
xbdcm3zu,lora_lr2e-2_seed0,lora,2e-2,0,crashed,4,4,0.5231187669990934,0.5024500907441016,0.6922452082335678
xbdcm3zu,lora_lr2e-2_seed0,lora,2e-2,0,crashed,5,5,0.485947416137806,0.5069872958257713,0.6932253982949451
xbdcm3zu,lora_lr2e-2_seed0,lora,2e-2,0,crashed,6,6,0.4768812330009066,0.4986388384754991,0.6935893216677828
xbdcm3zu,lora_lr2e-2_seed0,lora,2e-2,0,crashed,7,7,0.5231187669990934,0.5024500907441016,0.691980696870107
xbdcm3zu,lora_lr2e-2_seed0,lora,2e-2,0,crashed,8,8,0.5231187669990934,0.5022686025408348,0.6923329931221976
xbdcm3zu,lora_lr2e-2_seed0,lora,2e-2,0,crashed,9,9,0.5349048050770625,0.5103448275862069,0.6925894066299618
xbdcm3zu,lora_lr2e-2_seed0,lora,2e-2,0,crashed,10,10,0.4913871260199456,0.5062613430127042,0.6931147508910863
xbdcm3zu,lora_lr2e-2_seed0,lora,2e-2,0,crashed,11,11,0.47778785131459656,0.49745916515426497,0.6935768326303684
xbdcm3zu,lora_lr2e-2_seed0,lora,2e-2,0,crashed,12,12,0.5249320036264733,0.5021778584392015,0.6923359242332922
xbdcm3zu,lora_lr2e-2_seed0,lora,2e-2,0,crashed,13,13,0.4768812330009066,0.49754990925589837,0.6945221838038939
xbdcm3zu,lora_lr2e-2_seed0,lora,2e-2,0,crashed,14,14,0.5403445149592022,0.5113430127041743,0.6924078870338413
xbdcm3zu,lora_lr2e-2_seed0,lora,2e-2,0,crashed,15,15,0.4796010879419764,0.5026315789473684,0.6931188672862049
xbdcm3zu,lora_lr2e-2_seed0,lora,2e-2,0,crashed,16,16,0.4768812330009066,0.49754990925589837,0.6940461386903675
xbdcm3zu,lora_lr2e-2_seed0,lora,2e-2,0,crashed,17,17,0.5231187669990934,0.5024500907441016,0.6919024161933663
xbdcm3zu,lora_lr2e-2_seed0,lora,2e-2,0,crashed,18,18,0.5702629193109701,0.5736842105263158,0.6924205252179642
xbdcm3zu,lora_lr2e-2_seed0,lora,2e-2,0,crashed,19,19,0.543970988213962,0.5603448275862069,0.6925422585994032
vo0kbg3s,lora_lr5e-3_seed0,lora,5e-3,0,crashed,0,0,0.48322756119673616,0.4957350272232305,0.6937835010094526
vo0kbg3s,lora_lr5e-3_seed0,lora,5e-3,0,crashed,1,1,0.47778785131459656,0.4996370235934664,0.6936378698941262
vo0kbg3s,lora_lr5e-3_seed0,lora,5e-3,0,crashed,2,2,0.4796010879419764,0.4967332123411978,0.6938339687971666
vo0kbg3s,lora_lr5e-3_seed0,lora,5e-3,0,crashed,3,3,0.4913871260199456,0.49782214156079857,0.6930596911680234
vo0kbg3s,lora_lr5e-3_seed0,lora,5e-3,0,crashed,4,4,0.5240253853127833,0.5014519056261343,0.6926381639318907
vo0kbg3s,lora_lr5e-3_seed0,lora,5e-3,0,crashed,5,5,0.4796010879419764,0.4956442831215971,0.6933748133595381
vo0kbg3s,lora_lr5e-3_seed0,lora,5e-3,0,crashed,6,6,0.4796010879419764,0.4964609800362976,0.6937467633651152
vo0kbg3s,lora_lr5e-3_seed0,lora,5e-3,0,crashed,7,7,0.5339981867633726,0.5027223230490018,0.6928051558820529
vo0kbg3s,lora_lr5e-3_seed0,lora,5e-3,0,crashed,8,8,0.5013599274705349,0.5048094373865699,0.6929637802695536
vo0kbg3s,lora_lr5e-3_seed0,lora,5e-3,0,crashed,9,9,0.4968268359020852,0.4983666061705989,0.6932067616031263
vo0kbg3s,lora_lr5e-3_seed0,lora,5e-3,0,crashed,10,10,0.485947416137806,0.5012704174228675,0.693369147297694
vo0kbg3s,lora_lr5e-3_seed0,lora,5e-3,0,crashed,11,11,0.4814143245693563,0.5003629764065336,0.693460378339911
vo0kbg3s,lora_lr5e-3_seed0,lora,5e-3,0,crashed,12,12,0.4941069809610154,0.5069872958257713,0.6929800856253935
vo0kbg3s,lora_lr5e-3_seed0,lora,5e-3,0,crashed,13,13,0.47778785131459656,0.49745916515426497,0.6941526260899071
vo0kbg3s,lora_lr5e-3_seed0,lora,5e-3,0,crashed,14,14,0.5240253853127833,0.5017241379310344,0.6925385343088201
vo0kbg3s,lora_lr5e-3_seed0,lora,5e-3,0,crashed,15,15,0.48685403445149594,0.5040834845735027,0.6931871899343682
vo0kbg3s,lora_lr5e-3_seed0,lora,5e-3,0,crashed,16,16,0.49501359927470534,0.5058983666061706,0.6931244157599192
vo0kbg3s,lora_lr5e-3_seed0,lora,5e-3,0,crashed,17,17,0.5240253853127833,0.5017241379310344,0.6924936139680857
vo0kbg3s,lora_lr5e-3_seed0,lora,5e-3,0,crashed,18,18,0.5222121486854034,0.5139745916515427,0.6927684024043874
vo0kbg3s,lora_lr5e-3_seed0,lora,5e-3,0,crashed,19,19,0.5031731640979148,0.5104355716878403,0.6930518034686852
zb3anht5,ffa_lora_lr1e-2_seed0,ffa_lora,1e-2,0,crashed,0,0,0.4796010879419764,0.49537205081669694,0.6934663389665046
zb3anht5,ffa_lora_lr1e-2_seed0,ffa_lora,1e-2,0,crashed,1,1,0.48050770625566636,0.49301270417422866,0.6933536593306637
zb3anht5,ffa_lora_lr1e-2_seed0,ffa_lora,1e-2,0,crashed,2,2,0.47778785131459656,0.49736842105263157,0.6943112331309972
zb3anht5,ffa_lora_lr1e-2_seed0,ffa_lora,1e-2,0,crashed,3,3,0.5312783318223028,0.5000907441016333,0.6927865210275486
zb3anht5,ffa_lora_lr1e-2_seed0,ffa_lora,1e-2,0,crashed,4,4,0.5231187669990934,0.5024500907441016,0.6923485295078696
zb3anht5,ffa_lora_lr1e-2_seed0,ffa_lora,1e-2,0,crashed,5,5,0.485947416137806,0.49918330308529946,0.6932784427001275
zb3anht5,ffa_lora_lr1e-2_seed0,ffa_lora,1e-2,0,crashed,6,6,0.4814143245693563,0.4982758620689655,0.6935960635853592
zb3anht5,ffa_lora_lr1e-2_seed0,ffa_lora,1e-2,0,crashed,7,7,0.5231187669990934,0.5022686025408348,0.6923375905154514
zb3anht5,ffa_lora_lr1e-2_seed0,ffa_lora,1e-2,0,crashed,8,8,0.5330915684496826,0.5027223230490018,0.6926305269719467
zb3anht5,ffa_lora_lr1e-2_seed0,ffa_lora,1e-2,0,crashed,9,9,0.514959202175884,0.51497277676951,0.6928624883091461
zb3anht5,ffa_lora_lr1e-2_seed0,ffa_lora,1e-2,0,crashed,10,10,0.48322756119673616,0.5050816696914701,0.6932746564812371
zb3anht5,ffa_lora_lr1e-2_seed0,ffa_lora,1e-2,0,crashed,11,11,0.48050770625566636,0.4985480943738657,0.6935507934523623
zb3anht5,ffa_lora_lr1e-2_seed0,ffa_lora,1e-2,0,crashed,12,12,0.5339981867633726,0.5093466424682396,0.6925933635569872
zb3anht5,ffa_lora_lr1e-2_seed0,ffa_lora,1e-2,0,crashed,13,13,0.4768812330009066,0.49754990925589837,0.694481934403033
zb3anht5,ffa_lora_lr1e-2_seed0,ffa_lora,1e-2,0,crashed,14,14,0.5258386219401632,0.5023593466424683,0.6924115006532435
zb3anht5,ffa_lora_lr1e-2_seed0,ffa_lora,1e-2,0,crashed,15,15,0.49501359927470534,0.512431941923775,0.6930688898993532
zb3anht5,ffa_lora_lr1e-2_seed0,ffa_lora,1e-2,0,crashed,16,16,0.47778785131459656,0.4981851179673321,0.6936190233161421
zb3anht5,ffa_lora_lr1e-2_seed0,ffa_lora,1e-2,0,crashed,17,17,0.5231187669990934,0.5024500907441016,0.6920791180265674
zb3anht5,ffa_lora_lr1e-2_seed0,ffa_lora,1e-2,0,crashed,18,18,0.5466908431550317,0.5232304900181488,0.6925144396040078
zb3anht5,ffa_lora_lr1e-2_seed0,ffa_lora,1e-2,0,crashed,19,19,0.5222121486854034,0.5286751361161525,0.6927919645581803
zvff1axm,ffa_lora_lr2e-2_seed0,ffa_lora,2e-2,0,crashed,0,0,0.4786944696282865,0.4941923774954628,0.6933934191952806
zvff1axm,ffa_lora_lr2e-2_seed0,ffa_lora,2e-2,0,crashed,1,1,0.4886672710788758,0.49491833030852994,0.6932910959610372
zvff1axm,ffa_lora_lr2e-2_seed0,ffa_lora,2e-2,0,crashed,2,2,0.4768812330009066,0.49754990925589837,0.6952867316637705
zvff1axm,ffa_lora_lr2e-2_seed0,ffa_lora,2e-2,0,crashed,3,3,0.5240253853127833,0.5022686025408348,0.6925368792126639
zvff1axm,ffa_lora_lr2e-2_seed0,ffa_lora,2e-2,0,crashed,4,4,0.5231187669990934,0.5024500907441016,0.6922472009632875
zvff1axm,ffa_lora_lr2e-2_seed0,ffa_lora,2e-2,0,crashed,5,5,0.4823209428830462,0.5067150635208711,0.6932327157783162
zvff1axm,ffa_lora_lr2e-2_seed0,ffa_lora,2e-2,0,crashed,6,6,0.4768812330009066,0.4985480943738657,0.6935738228930199
zvff1axm,ffa_lora_lr2e-2_seed0,ffa_lora,2e-2,0,crashed,7,7,0.5231187669990934,0.5024500907441016,0.6919634297341514
zvff1axm,ffa_lora_lr2e-2_seed0,ffa_lora,2e-2,0,crashed,8,8,0.5231187669990934,0.5022686025408348,0.6922945529357585
zvff1axm,ffa_lora_lr2e-2_seed0,ffa_lora,2e-2,0,crashed,9,9,0.5339981867633726,0.5111615245009075,0.6925760464893075
zvff1axm,ffa_lora_lr2e-2_seed0,ffa_lora,2e-2,0,crashed,10,10,0.4959202175883953,0.5072595281306715,0.6931025352893044
zvff1axm,ffa_lora_lr2e-2_seed0,ffa_lora,2e-2,0,crashed,11,11,0.4786944696282865,0.49754990925589837,0.6935579602759423
zvff1axm,ffa_lora_lr2e-2_seed0,ffa_lora,2e-2,0,crashed,12,12,0.5240253853127833,0.5022686025408348,0.6922912754908758
zvff1axm,ffa_lora_lr2e-2_seed0,ffa_lora,2e-2,0,crashed,13,13,0.4768812330009066,0.49754990925589837,0.6945576069037264
zvff1axm,ffa_lora_lr2e-2_seed0,ffa_lora,2e-2,0,crashed,14,14,0.543970988213962,0.5203266787658802,0.6924250102107998
zvff1axm,ffa_lora_lr2e-2_seed0,ffa_lora,2e-2,0,crashed,15,15,0.48050770625566636,0.5039927404718694,0.69307785199538
zvff1axm,ffa_lora_lr2e-2_seed0,ffa_lora,2e-2,0,crashed,16,16,0.4768812330009066,0.49754990925589837,0.6941753655591015
zvff1axm,ffa_lora_lr2e-2_seed0,ffa_lora,2e-2,0,crashed,17,17,0.5231187669990934,0.5024500907441016,0.6918693918697637
zvff1axm,ffa_lora_lr2e-2_seed0,ffa_lora,2e-2,0,crashed,18,18,0.5639165911151405,0.5659709618874773,0.6923813123867281
zvff1axm,ffa_lora_lr2e-2_seed0,ffa_lora,2e-2,0,crashed,19,19,0.5457842248413418,0.5582577132486388,0.6925397161343696
f6yseh4v,ffa_lora_lr5e-3_seed0,ffa_lora,5e-3,0,crashed,0,0,0.48322756119673616,0.4957350272232305,0.6937821814933909
f6yseh4v,ffa_lora_lr5e-3_seed0,ffa_lora,5e-3,0,crashed,1,1,0.47778785131459656,0.49927404718693286,0.693634971422384
f6yseh4v,ffa_lora_lr5e-3_seed0,ffa_lora,5e-3,0,crashed,2,2,0.4796010879419764,0.4967332123411978,0.6938365779459098
f6yseh4v,ffa_lora_lr5e-3_seed0,ffa_lora,5e-3,0,crashed,3,3,0.4886672710788758,0.4981851179673321,0.693059821725432
f6yseh4v,ffa_lora_lr5e-3_seed0,ffa_lora,5e-3,0,crashed,4,4,0.5240253853127833,0.5014519056261343,0.6926380763892575
f6yseh4v,ffa_lora_lr5e-3_seed0,ffa_lora,5e-3,0,crashed,5,5,0.48050770625566636,0.4960072595281307,0.6933756209133111
f6yseh4v,ffa_lora_lr5e-3_seed0,ffa_lora,5e-3,0,crashed,6,6,0.47778785131459656,0.4964609800362976,0.6937488064048297
f6yseh4v,ffa_lora_lr5e-3_seed0,ffa_lora,5e-3,0,crashed,7,7,0.5330915684496826,0.502994555353902,0.6928065828810145
f6yseh4v,ffa_lora_lr5e-3_seed0,ffa_lora,5e-3,0,crashed,8,8,0.5013599274705349,0.5050816696914701,0.6929632724682419
f6yseh4v,ffa_lora_lr5e-3_seed0,ffa_lora,5e-3,0,crashed,9,9,0.4968268359020852,0.4982758620689655,0.693204817508203
f6yseh4v,ffa_lora_lr5e-3_seed0,ffa_lora,5e-3,0,crashed,10,10,0.48322756119673616,0.5012704174228675,0.6933694806622033
f6yseh4v,ffa_lora_lr5e-3_seed0,ffa_lora,5e-3,0,crashed,11,11,0.4796010879419764,0.5003629764065336,0.6934585285424538
f6yseh4v,ffa_lora_lr5e-3_seed0,ffa_lora,5e-3,0,crashed,12,12,0.4959202175883953,0.506896551724138,0.6929774484305844
f6yseh4v,ffa_lora_lr5e-3_seed0,ffa_lora,5e-3,0,crashed,13,13,0.47778785131459656,0.49745916515426497,0.6941480752239417
f6yseh4v,ffa_lora_lr5e-3_seed0,ffa_lora,5e-3,0,crashed,14,14,0.5240253853127833,0.5015426497277677,0.6925367121251194
f6yseh4v,ffa_lora_lr5e-3_seed0,ffa_lora,5e-3,0,crashed,15,15,0.4886672710788758,0.5039019963702359,0.6931834154418676
f6yseh4v,ffa_lora_lr5e-3_seed0,ffa_lora,5e-3,0,crashed,16,16,0.4959202175883953,0.505989110707804,0.6931222571855443
f6yseh4v,ffa_lora_lr5e-3_seed0,ffa_lora,5e-3,0,crashed,17,17,0.5240253853127833,0.5017241379310344,0.6924933114056142
f6yseh4v,ffa_lora_lr5e-3_seed0,ffa_lora,5e-3,0,crashed,18,18,0.5231187669990934,0.5139745916515427,0.692766559037531
f6yseh4v,ffa_lora_lr5e-3_seed0,ffa_lora,5e-3,0,crashed,19,19,0.5049864007252947,0.50989110707804,0.6930502465067403
cf1tsln8,ffa_lora_lr1e-2_seed1,ffa_lora,1e-2,1,crashed,0,0,0.49501359927470534,0.5075317604355717,0.6931694924885429
cf1tsln8,ffa_lora_lr1e-2_seed1,ffa_lora,1e-2,1,crashed,1,1,0.5158658204895739,0.5050816696914701,0.692419755977603
cf1tsln8,ffa_lora_lr1e-2_seed1,ffa_lora,1e-2,1,crashed,2,2,0.5004533091568449,0.5166969147005445,0.6930545402567493
cf1tsln8,ffa_lora_lr1e-2_seed1,ffa_lora,1e-2,1,crashed,3,3,0.514959202175884,0.5061705989110707,0.6923608880419139
cf1tsln8,ffa_lora_lr1e-2_seed1,ffa_lora,1e-2,1,crashed,4,4,0.47778785131459656,0.4997277676950998,0.6933680091894224
cf1tsln8,ffa_lora_lr1e-2_seed1,ffa_lora,1e-2,1,crashed,5,5,0.48322756119673616,0.5024500907441016,0.6931983984175965
cf1tsln8,ffa_lora_lr1e-2_seed1,ffa_lora,1e-2,1,crashed,6,6,0.5412511332728921,0.5267695099818511,0.6925148457585955
cf1tsln8,ffa_lora_lr1e-2_seed1,ffa_lora,1e-2,1,crashed,7,7,0.4796010879419764,0.5019056261343012,0.6932100309962482
cf1tsln8,ffa_lora_lr1e-2_seed1,ffa_lora,1e-2,1,crashed,8,8,0.485040797824116,0.5040834845735027,0.6931185579148619
cf1tsln8,ffa_lora_lr1e-2_seed1,ffa_lora,1e-2,1,crashed,9,9,0.5702629193109701,0.5427404718693285,0.6925577838531107
cf1tsln8,ffa_lora_lr1e-2_seed1,ffa_lora,1e-2,1,crashed,10,10,0.514052583862194,0.5264065335753176,0.6928567284902225
cf1tsln8,ffa_lora_lr1e-2_seed1,ffa_lora,1e-2,1,crashed,11,11,0.5530371713508613,0.5278584392014519,0.6923749011857663
cf1tsln8,ffa_lora_lr1e-2_seed1,ffa_lora,1e-2,1,crashed,12,12,0.4768812330009066,0.49764065335753177,0.6937042615247226
cf1tsln8,ffa_lora_lr1e-2_seed1,ffa_lora,1e-2,1,crashed,13,13,0.5176790571169537,0.5111615245009075,0.6921492896075694
cf1tsln8,ffa_lora_lr1e-2_seed1,ffa_lora,1e-2,1,crashed,14,14,0.4823209428830462,0.5049909255898367,0.6930152833840032
cf1tsln8,ffa_lora_lr1e-2_seed1,ffa_lora,1e-2,1,crashed,15,15,0.4768812330009066,0.49754990925589837,0.6937709050295251
cf1tsln8,ffa_lora_lr1e-2_seed1,ffa_lora,1e-2,1,crashed,16,16,0.4768812330009066,0.49754990925589837,0.6939938687672965
cf1tsln8,ffa_lora_lr1e-2_seed1,ffa_lora,1e-2,1,crashed,17,17,0.5222121486854034,0.503448275862069,0.6918949816622523
cf1tsln8,ffa_lora_lr1e-2_seed1,ffa_lora,1e-2,1,crashed,18,18,0.5349048050770625,0.5197822141560798,0.6920858167132138
cf1tsln8,ffa_lora_lr1e-2_seed1,ffa_lora,1e-2,1,crashed,19,19,0.5095194922937444,0.523502722323049,0.6927295493085278
a4h7zm1k,ffa_lora_lr1e-2_seed2,ffa_lora,1e-2,2,crashed,0,0,0.4768812330009066,0.49754990925589837,0.6945411582373535
a4h7zm1k,ffa_lora_lr1e-2_seed2,ffa_lora,1e-2,2,crashed,1,1,0.471441523118767,0.4996370235934664,0.6938792484950068
a4h7zm1k,ffa_lora_lr1e-2_seed2,ffa_lora,1e-2,2,crashed,2,2,0.46509519492293744,0.4983666061705989,0.6935933527358531
a4h7zm1k,ffa_lora_lr1e-2_seed2,ffa_lora,1e-2,2,crashed,3,3,0.47053490480507704,0.4999092558983666,0.6937788547112093
a4h7zm1k,ffa_lora_lr1e-2_seed2,ffa_lora,1e-2,2,crashed,4,4,0.5231187669990934,0.5024500907441016,0.6926094410317871
a4h7zm1k,ffa_lora_lr1e-2_seed2,ffa_lora,1e-2,2,crashed,5,5,0.5194922937443336,0.5037205081669691,0.692940455561644
a4h7zm1k,ffa_lora_lr1e-2_seed2,ffa_lora,1e-2,2,crashed,6,6,0.47234814143245696,0.49909255898366606,0.6938346393088914
a4h7zm1k,ffa_lora_lr1e-2_seed2,ffa_lora,1e-2,2,crashed,7,7,0.514959202175884,0.5217785843920145,0.6931543124878504
a4h7zm1k,ffa_lora_lr1e-2_seed2,ffa_lora,1e-2,2,crashed,8,8,0.5231187669990934,0.502540834845735,0.6925058340550766
a4h7zm1k,ffa_lora_lr1e-2_seed2,ffa_lora,1e-2,2,crashed,9,9,0.5222121486854034,0.5255898366606171,0.6930241864157717
a4h7zm1k,ffa_lora_lr1e-2_seed2,ffa_lora,1e-2,2,crashed,10,10,0.47506799637352676,0.4981851179673321,0.6938804458836912
a4h7zm1k,ffa_lora_lr1e-2_seed2,ffa_lora,1e-2,2,crashed,11,11,0.5258386219401632,0.5303085299455536,0.6929553740152098
a4h7zm1k,ffa_lora_lr1e-2_seed2,ffa_lora,1e-2,2,crashed,12,12,0.4768812330009066,0.49754990925589837,0.6941642935775348
a4h7zm1k,ffa_lora_lr1e-2_seed2,ffa_lora,1e-2,2,crashed,13,13,0.5294650951949229,0.5096188747731397,0.6927030608530814
a4h7zm1k,ffa_lora_lr1e-2_seed2,ffa_lora,1e-2,2,crashed,14,14,0.5222121486854034,0.535934664246824,0.6930432467707048
a4h7zm1k,ffa_lora_lr1e-2_seed2,ffa_lora,1e-2,2,crashed,15,15,0.5249320036264733,0.5388384754990926,0.6928367059228643
a4h7zm1k,ffa_lora_lr1e-2_seed2,ffa_lora,1e-2,2,crashed,16,16,0.5194922937443336,0.5346642468239564,0.693029072753754
a4h7zm1k,ffa_lora_lr1e-2_seed2,ffa_lora,1e-2,2,crashed,17,17,0.5231187669990934,0.5024500907441016,0.6921710802659271
a4h7zm1k,ffa_lora_lr1e-2_seed2,ffa_lora,1e-2,2,crashed,18,18,0.5231187669990934,0.5024500907441016,0.6920943635761576
a4h7zm1k,ffa_lora_lr1e-2_seed2,ffa_lora,1e-2,2,crashed,19,19,0.5267452402538532,0.5028130671506352,0.6923873450468587
1i66fae3,lora_lr2e-2_seed1,lora,2e-2,1,crashed,0,0,0.5466908431550317,0.5229582577132487,0.6926985936930043
1i66fae3,lora_lr2e-2_seed1,lora,2e-2,1,crashed,1,1,0.5185856754306437,0.502994555353902,0.6923021595800128
1i66fae3,lora_lr2e-2_seed1,lora,2e-2,1,crashed,2,2,0.4986400725294651,0.5166969147005445,0.6930059246441935
1i66fae3,lora_lr2e-2_seed1,lora,2e-2,1,crashed,3,3,0.5231187669990934,0.5024500907441016,0.6918165591880612
1i66fae3,lora_lr2e-2_seed1,lora,2e-2,1,crashed,4,4,0.4768812330009066,0.49754990925589837,0.6939355996880656
1i66fae3,lora_lr2e-2_seed1,lora,2e-2,1,crashed,5,5,0.5267452402538532,0.5367513611615246,0.6927617745624276
1i66fae3,lora_lr2e-2_seed1,lora,2e-2,1,crashed,6,6,0.5602901178603807,0.5459165154264973,0.6925039091438785
1i66fae3,lora_lr2e-2_seed1,lora,2e-2,1,crashed,7,7,0.5004533091568449,0.51497277676951,0.6928821142327213
1i66fae3,lora_lr2e-2_seed1,lora,2e-2,1,crashed,8,8,0.47778785131459656,0.4981851179673321,0.6932101670656006
1i66fae3,lora_lr2e-2_seed1,lora,2e-2,1,crashed,9,9,0.57116953762466,0.5390199637023594,0.6923144231681271
1i66fae3,lora_lr2e-2_seed1,lora,2e-2,1,crashed,10,10,0.5040797824116047,0.5166061705989111,0.6927646970813748
1i66fae3,lora_lr2e-2_seed1,lora,2e-2,1,crashed,11,11,0.5176790571169537,0.5098003629764065,0.6920590954051705
1i66fae3,lora_lr2e-2_seed1,lora,2e-2,1,crashed,12,12,0.4768812330009066,0.49754990925589837,0.6940919437520847
1i66fae3,lora_lr2e-2_seed1,lora,2e-2,1,crashed,13,13,0.5213055303717135,0.5078947368421053,0.6919331144767789
1i66fae3,lora_lr2e-2_seed1,lora,2e-2,1,crashed,14,14,0.4786944696282865,0.5000907441016333,0.6928314210497457
1i66fae3,lora_lr2e-2_seed1,lora,2e-2,1,crashed,15,15,0.4768812330009066,0.49754990925589837,0.6933152322756195
1i66fae3,lora_lr2e-2_seed1,lora,2e-2,1,crashed,16,16,0.4768812330009066,0.49754990925589837,0.6938301345919439
1i66fae3,lora_lr2e-2_seed1,lora,2e-2,1,crashed,17,17,0.5231187669990934,0.5024500907441016,0.6914393959105933
1i66fae3,lora_lr2e-2_seed1,lora,2e-2,1,crashed,18,18,0.5530371713508613,0.5390199637023594,0.6917945441611766
1i66fae3,lora_lr2e-2_seed1,lora,2e-2,1,crashed,19,19,0.4814143245693563,0.5054446460980037,0.6925152805536742
4103slvu,lora_lr2e-2_seed2,lora,2e-2,2,crashed,0,0,0.4768812330009066,0.49754990925589837,0.6955635002928221
4103slvu,lora_lr2e-2_seed2,lora,2e-2,2,crashed,1,1,0.4768812330009066,0.49773139745916517,0.6942390418009442
4103slvu,lora_lr2e-2_seed2,lora,2e-2,2,crashed,2,2,0.4732547597461469,0.49927404718693286,0.6937418416858476
4103slvu,lora_lr2e-2_seed2,lora,2e-2,2,crashed,3,3,0.4768812330009066,0.49773139745916517,0.6939448501884343
4103slvu,lora_lr2e-2_seed2,lora,2e-2,2,crashed,4,4,0.5231187669990934,0.5024500907441016,0.6922356430660673
4103slvu,lora_lr2e-2_seed2,lora,2e-2,2,crashed,5,5,0.5258386219401632,0.5075317604355717,0.6928678596441247
4103slvu,lora_lr2e-2_seed2,lora,2e-2,2,crashed,6,6,0.4759746146872167,0.4979128856624319,0.6937673750079337
4103slvu,lora_lr2e-2_seed2,lora,2e-2,2,crashed,7,7,0.5321849501359928,0.5104355716878403,0.692743705816952
4103slvu,lora_lr2e-2_seed2,lora,2e-2,2,crashed,8,8,0.5231187669990934,0.5024500907441016,0.692349814493226
4103slvu,lora_lr2e-2_seed2,lora,2e-2,2,crashed,9,9,0.5267452402538532,0.5029038112522686,0.6925765741228085
4103slvu,lora_lr2e-2_seed2,lora,2e-2,2,crashed,10,10,0.4768812330009066,0.49764065335753177,0.6936748796231295
4103slvu,lora_lr2e-2_seed2,lora,2e-2,2,crashed,11,11,0.5358114233907525,0.5511796733212341,0.6928233424858515
4103slvu,lora_lr2e-2_seed2,lora,2e-2,2,crashed,12,12,0.4768812330009066,0.49754990925589837,0.6942174081789398
4103slvu,lora_lr2e-2_seed2,lora,2e-2,2,crashed,13,13,0.5249320036264733,0.5029038112522686,0.6923990910526632
4103slvu,lora_lr2e-2_seed2,lora,2e-2,2,crashed,14,14,0.5303717135086129,0.5515426497277677,0.692855637611742
4103slvu,lora_lr2e-2_seed2,lora,2e-2,2,crashed,15,15,0.5339981867633726,0.5103448275862069,0.6924314449185798
4103slvu,lora_lr2e-2_seed2,lora,2e-2,2,crashed,16,16,0.5158658204895739,0.5458257713248639,0.6928107944922564
4103slvu,lora_lr2e-2_seed2,lora,2e-2,2,crashed,17,17,0.5231187669990934,0.5024500907441016,0.6918272438204948
4103slvu,lora_lr2e-2_seed2,lora,2e-2,2,crashed,18,18,0.5231187669990934,0.5024500907441016,0.6917850106603324
4103slvu,lora_lr2e-2_seed2,lora,2e-2,2,crashed,19,19,0.5231187669990934,0.5024500907441016,0.6920517239371755
s9s7gwoa,ffa_lora_lr2e-2_seed1,ffa_lora,2e-2,1,crashed,0,0,0.5466908431550317,0.5234119782214156,0.6926901924102175
s9s7gwoa,ffa_lora_lr2e-2_seed1,ffa_lora,2e-2,1,crashed,1,1,0.5185856754306437,0.5029038112522686,0.6923039825742934
s9s7gwoa,ffa_lora_lr2e-2_seed1,ffa_lora,2e-2,1,crashed,2,2,0.4986400725294651,0.5174228675136117,0.6930073982785209
s9s7gwoa,ffa_lora_lr2e-2_seed1,ffa_lora,2e-2,1,crashed,3,3,0.5231187669990934,0.5024500907441016,0.6918159731928046
s9s7gwoa,ffa_lora_lr2e-2_seed1,ffa_lora,2e-2,1,crashed,4,4,0.4768812330009066,0.49754990925589837,0.6939427193358932
s9s7gwoa,ffa_lora_lr2e-2_seed1,ffa_lora,2e-2,1,crashed,5,5,0.527651858567543,0.5348457350272232,0.69277479296258
s9s7gwoa,ffa_lora_lr2e-2_seed1,ffa_lora,2e-2,1,crashed,6,6,0.5657298277425205,0.5477313974591651,0.6925174757122237
s9s7gwoa,ffa_lora_lr2e-2_seed1,ffa_lora,2e-2,1,crashed,7,7,0.4986400725294651,0.5162431941923775,0.692885709370901
s9s7gwoa,ffa_lora_lr2e-2_seed1,ffa_lora,2e-2,1,crashed,8,8,0.47778785131459656,0.4982758620689655,0.6932484991747146
s9s7gwoa,ffa_lora_lr2e-2_seed1,ffa_lora,2e-2,1,crashed,9,9,0.5657298277425205,0.5443738656987296,0.6923478533220853
s9s7gwoa,ffa_lora_lr2e-2_seed1,ffa_lora,2e-2,1,crashed,10,10,0.5095194922937444,0.5227767695099819,0.692758102689347
s9s7gwoa,ffa_lora_lr2e-2_seed1,ffa_lora,2e-2,1,crashed,11,11,0.5176790571169537,0.5088929219600726,0.6920768026319938
s9s7gwoa,ffa_lora_lr2e-2_seed1,ffa_lora,2e-2,1,crashed,12,12,0.4768812330009066,0.49754990925589837,0.6943504044605404
s9s7gwoa,ffa_lora_lr2e-2_seed1,ffa_lora,2e-2,1,crashed,13,13,0.5203989120580236,0.5083484573502722,0.6919813203141566
s9s7gwoa,ffa_lora_lr2e-2_seed1,ffa_lora,2e-2,1,crashed,14,14,0.4796010879419764,0.4996370235934664,0.6929269969625464
s9s7gwoa,ffa_lora_lr2e-2_seed1,ffa_lora,2e-2,1,crashed,15,15,0.4768812330009066,0.49754990925589837,0.6934014796021842
s9s7gwoa,ffa_lora_lr2e-2_seed1,ffa_lora,2e-2,1,crashed,16,16,0.4768812330009066,0.49754990925589837,0.693909994710713
s9s7gwoa,ffa_lora_lr2e-2_seed1,ffa_lora,2e-2,1,crashed,17,17,0.5231187669990934,0.5024500907441016,0.6914957820126282
s9s7gwoa,ffa_lora_lr2e-2_seed1,ffa_lora,2e-2,1,crashed,18,18,0.5349048050770625,0.5207803992740472,0.6918227317542891
s9s7gwoa,ffa_lora_lr2e-2_seed1,ffa_lora,2e-2,1,crashed,19,19,0.48050770625566636,0.5048094373865699,0.6926438773316032
pn2t83z3,ffa_lora_lr2e-2_seed2,ffa_lora,2e-2,2,crashed,0,0,0.4768812330009066,0.49754990925589837,0.6955674949928726
pn2t83z3,ffa_lora_lr2e-2_seed2,ffa_lora,2e-2,2,crashed,1,1,0.4768812330009066,0.49773139745916517,0.6942344574850468
pn2t83z3,ffa_lora_lr2e-2_seed2,ffa_lora,2e-2,2,crashed,2,2,0.4732547597461469,0.49891107078039926,0.6937403530287721
pn2t83z3,ffa_lora_lr2e-2_seed2,ffa_lora,2e-2,2,crashed,3,3,0.4768812330009066,0.49773139745916517,0.693941741452256
pn2t83z3,ffa_lora_lr2e-2_seed2,ffa_lora,2e-2,2,crashed,4,4,0.5231187669990934,0.5024500907441016,0.6922385934689643
pn2t83z3,ffa_lora_lr2e-2_seed2,ffa_lora,2e-2,2,crashed,5,5,0.5267452402538532,0.5084392014519056,0.6928762144536618
pn2t83z3,ffa_lora_lr2e-2_seed2,ffa_lora,2e-2,2,crashed,6,6,0.4759746146872167,0.49773139745916517,0.6937925220616601
pn2t83z3,ffa_lora_lr2e-2_seed2,ffa_lora,2e-2,2,crashed,7,7,0.5339981867633726,0.5100725952813067,0.6927573461480716
pn2t83z3,ffa_lora_lr2e-2_seed2,ffa_lora,2e-2,2,crashed,8,8,0.5231187669990934,0.5024500907441016,0.692354692725409
pn2t83z3,ffa_lora_lr2e-2_seed2,ffa_lora,2e-2,2,crashed,9,9,0.5267452402538532,0.5024500907441016,0.6925681911591282
pn2t83z3,ffa_lora_lr2e-2_seed2,ffa_lora,2e-2,2,crashed,10,10,0.4768812330009066,0.49764065335753177,0.6936850144121718
pn2t83z3,ffa_lora_lr2e-2_seed2,ffa_lora,2e-2,2,crashed,11,11,0.5394378966455122,0.5522686025408349,0.6928317804608902
pn2t83z3,ffa_lora_lr2e-2_seed2,ffa_lora,2e-2,2,crashed,12,12,0.4768812330009066,0.49754990925589837,0.6942538402346407
pn2t83z3,ffa_lora_lr2e-2_seed2,ffa_lora,2e-2,2,crashed,13,13,0.5258386219401632,0.5029038112522686,0.6924101919989529
pn2t83z3,ffa_lora_lr2e-2_seed2,ffa_lora,2e-2,2,crashed,14,14,0.5303717135086129,0.5505444646098003,0.6928660939308263
pn2t83z3,ffa_lora_lr2e-2_seed2,ffa_lora,2e-2,2,crashed,15,15,0.5358114233907525,0.5117967332123412,0.6924490067814009
pn2t83z3,ffa_lora_lr2e-2_seed2,ffa_lora,2e-2,2,crashed,16,16,0.5203989120580236,0.5406533575317605,0.6928419218426495
pn2t83z3,ffa_lora_lr2e-2_seed2,ffa_lora,2e-2,2,crashed,17,17,0.5231187669990934,0.5024500907441016,0.6918330603259754
pn2t83z3,ffa_lora_lr2e-2_seed2,ffa_lora,2e-2,2,crashed,18,18,0.5231187669990934,0.5024500907441016,0.6917696403354704
pn2t83z3,ffa_lora_lr2e-2_seed2,ffa_lora,2e-2,2,crashed,19,19,0.5231187669990934,0.5024500907441016,0.6920523829386651
